CODIGO,OCUPACAO
848505,ABATEDOR
764305,ACABADOR DE CALCADOS
766305,ACABADOR DE EMBALAGENS (FLEXIVEIS E CARTOTECNICAS)
716105,ACABADOR DE SUPERFICIES DE CONCRETO
848510,ACOUGUEIRO
376205,ACROBATA
322105,ACROBATA
623005,ADESTRADOR DE ANIMAIS
252105,ADMINISTRADOR
212305,ADMINISTRADOR DE BANCO DE DADOS
510110,ADMINISTRADOR DE EDIFICIOS
252505,ADMINISTRADOR DE FUNDOS E CARTEIRAS DE INVESTIMENTO
212310,ADMINISTRADOR DE REDES
212315,ADMINISTRADOR DE SISTEMAS OPERACIONAIS
241005,ADVOGADO
241030,ADVOGADO (AREAS ESPECIAIS)
241015,ADVOGADO (DIREITO CIVIL)
241035,ADVOGADO (DIREITO DO TRABALHO)
241025,ADVOGADO (DIREITO PENAL)
241020,ADVOGADO (DIREITO PUBLICO)
241205,ADVOGADO DA UNIAO
241010,ADVOGADO DE EMPRESA
721305,AFIADOR DE CARDAS
721310,AFIADOR DE CUTELARIA
721315,AFIADOR DE FERRAMENTAS
721320,AFIADOR DE SERRAS
742105,AFINADOR DE INSTRUMENTOS MUSICAIS
342120,AFRETADOR
354110,AGENCIADOR DE PROPAGANDA
515105,AGENTE COMUNITARIO DE SAUDE
352205,AGENTE DE DEFESA AMBIENTAL
352405,AGENTE DE DIREITOS AUTORAIS
342405,AGENTE DE ESTACAO (FERROVIA E METRO)
254310,AGENTE DE HIGIENE E SEGURANCA
215105,AGENTE DE MANOBRA E DOCAGEM
783105,AGENTE DE PATIO
517205,AGENTE DE POLICIA FEDERAL
517305,AGENTE DE PROTECAO DE AEROPORTO
351315,AGENTE DE RECRUTAMENTO E SELECAO
352210,AGENTE DE SAUDE PUBLICA
517310,AGENTE DE SEGURANCA
517315,AGENTE DE SEGURANCA PENITENCIARIA
517220,AGENTE DE TRANSITO
354120,AGENTE DE VENDAS DE SERVICOS
354815,AGENTE DE VIAGEM
352310,AGENTE FISCAL DE QUALIDADE
352315,AGENTE FISCAL METROLOGICO
352320,AGENTE FISCAL TEXTIL
516505,AGENTE FUNERARIO
253115,AGENTE PUBLICITARIO
632615,AJUDANTE DE CARVOARIA
342205,AJUDANTE DE DESPACHANTE ADUANEIRO
783225,AJUDANTE DE MOTORISTA
741105,AJUSTADOR DE INSTRUMENTOS DE PRECISAO
725005,AJUSTADOR FERRAMENTEIRO
725010,AJUSTADOR MECANICO
725015,AJUSTADOR MECANICO (USINAGEM EM BANCADA)
725020,AJUSTADOR MECANICO EM BANCADA
725025,AJUSTADOR NAVAL (REPARO E CONSTRUCAO)
841705,ALAMBIQUEIRO
763005,ALFAIATE
784205,ALIMENTADOR DE LINHA DE PRODUCAO
992105,ALINHADOR DE PNEUS
414105,ALMOXARIFE
761405,ALVEJADOR (TECIDOS)
711105,AMOSTRADOR DE MINERIOS
252510,ANALISTA DE CAMBIO
252515,ANALISTA DE COBRANCA (INSTITUICOES FINANCEIRAS)
252525,ANALISTA DE CREDITO (INSTITUICOES FINANCEIRAS)
252530,ANALISTA DE CREDITO RURAL
212405,ANALISTA DE DESENVOLVIMENTO DE SISTEMAS
354305,ANALISTA DE EXPORTACAO E IMPORTACAO
413105,ANALISTA DE FOLHA DE PAGAMENTO
261215,ANALISTA DE INFORMACOES (PESQUISADOR DE INFORMACOES DE REDE)
252535,ANALISTA DE LEASING
253120,ANALISTA DE NEGOCIOS
253125,ANALISTA DE PESQUISA DE MERCADO
252540,ANALISTA DE PRODUTOS BANCARIOS
252405,ANALISTA DE RECURSOS HUMANOS
212410,ANALISTA DE REDES E DE COMUNICACAO DE DADOS
351705,ANALISTA DE SEGUROS (TECNICO)
351710,ANALISTA DE SINISTROS
212415,ANALISTA DE SISTEMAS DE AUTOMACAO
212420,ANALISTA DE SUPORTE COMPUTACIONAL
342105,ANALISTA DE TRANSPORTE EM COMERCIO EXTERIOR
252545,ANALISTA FINANCEIRO (INSTITUICOES FINANCEIRAS)
261705,ANCORA DE RADIO E TELEVISAO
251105,ANTROPOLOGO
613405,APICULTOR
715705,APLICADOR DE ASFALTO IMPERMEABILIZANTE (COBERTURAS)
752205,APLICADOR SERIGRAFICO EM VIDROS
414205,APONTADOR DE MAO-DE-OBRA
414210,APONTADOR DE PRODUCAO
999993,APOSENTADO/PENSIONISTA
376325,APRESENTADOR DE CIRCO
376305,APRESENTADOR DE EVENTOS
376310,APRESENTADOR DE FESTAS POPULARES
376315,APRESENTADOR DE PROGRAMAS DE RADIO
376320,APRESENTADOR DE PROGRAMAS DE TELEVISAO
377210,ARBITRO DE ATLETISMO
377215,ARBITRO DE BASQUETE
377220,ARBITRO DE FUTEBOL
377225,ARBITRO DE FUTEBOL DE SALAO
377230,ARBITRO DE JUDO
377235,ARBITRO DE KARATE
377240,ARBITRO DE POLO AQUATICO
377245,ARBITRO DE VOLEI
377205,ARBITRO DESPORTIVO
715305,ARMADOR DE ESTRUTURA DE CONCRETO
715315,ARMADOR DE ESTRUTURA DE CONCRETO ARMADO
414110,ARMAZENISTA
325010,AROMISTA
251110,ARQUEOLOGO
214105,ARQUITETO DE EDIFICACOES
214110,ARQUITETO DE INTERIORES
214115,ARQUITETO DE PATRIMONIO
214120,ARQUITETO PAISAGISTA
214125,ARQUITETO URBANISTA
261305,ARQUIVISTA
415105,ARQUIVISTA DE DOCUMENTOS
261105,ARQUIVISTA PESQUISADOR (JORNALISMO)
763305,ARREMATADEIRA
752105,ARTESAO MODELADOR (VIDROS)
768305,ARTIFICE DO COURO
262405,ARTISTA (ARTES VISUAIS)
376210,ARTISTA AEREO
376215,ARTISTA DE CIRCO (OUTROS)
514105,ASCENSORISTA
724105,ASSENTADOR DE CANALIZACAO (EDIFICACOES)
261110,ASSESSOR DE IMPRENSA
411010,ASSISTENTE ADMINISTRATIVO
351715,ASSISTENTE COMERCIAL DE SEGUROS
262805,ASSISTENTE DE COREOGRAFIA
818105,ASSISTENTE DE LABORATORIO INDUSTRIAL
354125,ASSISTENTE DE VENDAS
251605,ASSISTENTE SOCIAL
351720,ASSISTENTE TECNICO DE SEGUROS
716505,ASSOALHADOR
516705,ASTROLOGO
213305,ASTRONOMO
421105,ATENDENTE COMERCIAL (AGENCIA POSTAL)
413205,ATENDENTE DE AGENCIA
322415,ATENDENTE DE CONSULTORIO DENTARIO
515110,ATENDENTE DE ENFERMAGEM
521130,ATENDENTE DE FARMACIA - BALCONISTA
411015,ATENDENTE DE JUDICIARIO
513435,ATENDENTE DE LANCHONETE
516340,ATENDENTE DE LAVANDERIA
377105,ATLETA PROFISSIONAL (OUTRAS MODALIDADES)
377110,ATLETA PROFISSIONAL DE FUTEBOL
377115,ATLETA PROFISSIONAL DE GOLFE
377120,ATLETA PROFISSIONAL DE LUTA
377125,ATLETA PROFISSIONAL DE TENIS
262505,ATOR
211105,ATUARIO
252205,AUDITOR (CONTADORES E AFINS)
254205,AUDITOR-FISCAL DA PREVIDENCIA SOCIAL
254105,AUDITOR-FISCAL DA RECEITA FEDERAL
254305,AUDITOR-FISCAL DO TRABALHO
261505,AUTOR-ROTEIRISTA
515205,AUXILIAR DE BANCO DE SANGUE
371105,AUXILIAR DE BIBLIOTECA
411025,AUXILIAR DE CARTORIO
413110,AUXILIAR DE CONTABILIDADE
763105,AUXILIAR DE CORTE (PREPARACAO DA CONFECCAO DE ROUPAS)
331110,AUXILIAR DE DESENVOLVIMENTO INFANTIL
322230,AUXILIAR DE ENFERMAGEM
322235,AUXILIAR DE ENFERMAGEM DO TRABALHO
411005,"AUXILIAR DE ESCRITORIO, EM GERAL"
411035,AUXILIAR DE ESTATISTICA
515210,AUXILIAR DE FARMACIA DE MANIPULACAO
413115,AUXILIAR DE FATURAMENTO
411020,AUXILIAR DE JUDICIARIO
515215,AUXILIAR DE LABORATORIO DE ANALISES CLINICAS
818110,AUXILIAR DE LABORATORIO DE ANALISES FISICO-QUIMICAS
515220,AUXILIAR DE LABORATORIO DE IMUNOBIOLOGICOS
516345,AUXILIAR DE LAVANDERIA
782625,AUXILIAR DE MAQUINISTA DE TREM
411030,AUXILIAR DE PESSOAL
842120,AUXILIAR DE PROCESSAMENTO DE FUMO
515225,AUXILIAR DE PRODUCAO FARMACEUTICA
322420,AUXILIAR DE PROTESE DENTARIA
766420,AUXILIAR DE RADIOLOGIA (REVELACAO FOTOGRAFICA)
322240,AUXILIAR DE SAUDE (NAVEGACAO MARITIMA)
411040,AUXILIAR DE SEGUROS
411045,AUXILIAR DE SERVICOS DE IMPORTACAO E EXPORTACAO
351430,AUXILIAR DE SERVICOS JURIDICOS
992225,AUXILIAR GERAL DE CONSERVACAO DE VIAS PERMANENTES 
325105,AUXILIAR TECNICO EM LABORATORIO DE FARMACIA
324210,AUXILIAR TECNICO EM PATOLOGIA CLINICA
354415,AVALIADOR DE BENS MOVEIS
354410,AVALIADOR DE IMOVEIS
352410,AVALIADOR DE PRODUTOS DO MEIO DE COMUNICACAO
224105,AVALIADOR FISICO
613305,AVICULTOR
516205,BABA
262810,BAILARINO (EXCETO DANCAS POPULARES)
992110,BALANCEADOR
414115,BALANCEIRO
811705,BAMBURISTA
519315,BANHISTA DE ANIMAIS DOMESTICOS
516105,BARBEIRO
513420,BARMAN
751105,BATE-FOLHA A MAQUINA
261205,BIBLIOTECARIO
511220,"BILHETEIRO (ESTACOES DE METRO, FERROVIARIAS E ASSEMELHADAS)"
421110,BILHETEIRO DE TRANSPORTES COLETIVOS
421115,BILHETEIRO NO SERVICO DE DIVERSOES
201105,BIOENGENHEIRO
221105,BIOLOGO
201110,BIOTECNOLOGISTA
731165,"BOBINADOR ELETRICISTA, A MAO"
731170,"BOBINADOR ELETRICISTA, A MAQUINA"
782815,BOIADEIRO
517105,BOMBEIRO DE AERODROMO
517110,BOMBEIRO DE SEGURANCA DO TRABALHO
765015,BONELEIRO
768205,"BORDADOR, A MAO"
763310,"BORDADOR, A MAQUINA"
992115,BORRACHEIRO
724305,BRASADOR
516110,CABELEIREIRO
722405,CABLEADOR
031205,CABO BOMBEIRO MILITAR
021205,CABO DA POLICIA MILITAR
113005,CACIQUE
612605,CAFEICULTOR
413210,CAIXA DE BANCO
716605,CALAFETADOR
811710,CALANDRISTA DE BORRACHA
832105,CALANDRISTA DE PAPEL
715205,CALCETEIRO
724405,CALDEIREIRO (CHAPAS DE COBRE)
724410,CALDEIREIRO (CHAPAS DE FERRO E ACO)
513305,CAMAREIRA DE TEATRO
513310,CAMAREIRA DE TELEVISAO
513320,CAMAREIRO DE EMBARCACOES
513315,CAMAREIRO DE HOTEL
782505,CAMINHONEIRO AUTONOMO (ROTAS REGIONAIS E INTERNACIONAIS)
711110,CANTEIRO
030205,CAPITAO BOMBEIRO MILITAR
020205,CAPITAO DA POLICIA MILITAR
215110,CAPITAO DE MANOBRA DA MARINHA MERCANTE
632610,CARBONIZADOR
715505,CARPINTEIRO
715515,CARPINTEIRO (CENARIOS)
715510,CARPINTEIRO (ESQUADRIAS)
715520,CARPINTEIRO (MINERACAO)
715530,CARPINTEIRO (TELHADOS)
777205,CARPINTEIRO DE CARRETAS
777210,CARPINTEIRO DE CARROCERIAS
715535,CARPINTEIRO DE FORMAS PARA CONCRETO
715525,CARPINTEIRO DE OBRAS
715540,"CARPINTEIRO DE OBRAS CIVIS DE ARTE (PONTES, TUNEIS, BARRAGENS)"
777105,CARPINTEIRO NAVAL (CONSTRUCAO DE PEQUENAS EMBARCACOES)
777110,CARPINTEIRO NAVAL (EMBARCACOES)
777115,CARPINTEIRO NAVAL (ESTALEIROS)
783205,CARREGADOR (AERONAVES)
783210,CARREGADOR (ARMAZEM)
783215,CARREGADOR (VEICULOS DE TRANSPORTES TERRESTRES)
519905,CARTAZEIRO
415205,CARTEIRO
833205,"CARTONAGEIRO, A MAO (CAIXAS DE PAPELAO)"
833105,"CARTONAGEIRO, A MAQUINA"
632605,CARVOEIRO
622005,CASEIRO (AGRICULTURA)
631005,CATADOR DE CARANGUEJOS E SIRIS
631010,CATADOR DE MARISCOS
519205,CATADOR DE MATERIAL RECICLAVEL
842225,CELOFANISTA NA FABRICACAO DE CHARUTOS
723105,CEMENTADOR DE METAIS
262305,CENOGRAFO CARNAVALESCO E FESTAS POPULARES
262310,CENOGRAFO DE CINEMA
262315,CENOGRAFO DE EVENTOS
262320,CENOGRAFO DE TEATRO
262325,CENOGRAFO DE TV
374205,"CENOTECNICO (CINEMA, VIDEO, TELEVISAO, TEATRO E ESPETACULOS)"
752305,CERAMISTA
752310,CERAMISTA (TORNO DE PEDAL E MOTOR)
752315,CERAMISTA (TORNO SEMI-AUTOMATICO)
752320,CERAMISTA MODELADOR
752325,CERAMISTA MOLDADOR
752330,CERAMISTA PRENSADOR
768210,CERZIDOR
776405,CESTEIRO
724415,CHAPEADOR
724430,CHAPEADOR DE AERONAVES
724420,CHAPEADOR DE CARROCERIAS METALICAS (FABRICACAO)
724425,CHAPEADOR NAVAL
768125,CHAPELEIRO (CHAPEUS DE PALHA)
765010,CHAPELEIRO DE SENHORAS
842230,CHARUTEIRO A MAO
523115,CHAVEIRO
510130,CHEFE DE BAR
840120,CHEFE DE CONFEITARIA
351110,CHEFE DE CONTABILIDADE (TECNICO)
510125,CHEFE DE COZINHA
342605,CHEFE DE ESTACAO PORTUARIA
510120,CHEFE DE PORTARIA DE HOTEL
342305,CHEFE DE SERVICO DE TRANSPORTE RODOVIARIO 
353235,CHEFE DE SERVICOS BANCARIOS
519105,CICLISTA MENSAGEIRO
251115,CIENTISTA POLITICO
831105,CILINDREIRO NA PREPARACAO DE PASTA PARA FABRICACAO DE PAPEL
813105,CILINDRISTA (PETROQUIMICA E AFINS)
316340,CIMENTADOR (POCOS DE PETROLEO)
223204,CIRURGIAO DENTISTA - AUDITOR
223208,CIRURGIAO DENTISTA - CLINICO GERAL
223212,CIRURGIAO DENTISTA - ENDODONTISTA
223216,CIRURGIAO DENTISTA - EPIDEMIOLOGISTA
223220,CIRURGIAO DENTISTA - ESTOMATOLOGISTA
223224,CIRURGIAO DENTISTA - IMPLANTODONTISTA
223228,CIRURGIAO DENTISTA - ODONTOGERIATRA
223232,CIRURGIAO DENTISTA - ODONTOLOGISTA LEGAL
223236,CIRURGIAO DENTISTA - ODONTOPEDIATRA
223240,CIRURGIAO DENTISTA - ORTOPEDISTA E ORTODONTISTA
223244,CIRURGIAO DENTISTA - PATOLOGISTA BUCAL
223248,CIRURGIAO DENTISTA - PERIODONTISTA
223252,CIRURGIAO DENTISTA - PROTESIOLOGO BUCOMAXILOFACIAL
223256,CIRURGIAO DENTISTA - PROTESISTA
223260,CIRURGIAO DENTISTA - RADIOLOGISTA
223264,CIRURGIAO DENTISTA - REABILITADOR ORAL
223268,CIRURGIAO DENTISTA - TRAUMATOLOGISTA BUCOMAXILOFACIAL
223272,CIRURGIAO DENTISTA DE SAUDE COLETIVA
842215,CLASSIFICADOR DE CHARUTOS
762210,CLASSIFICADOR DE COUROS
761105,CLASSIFICADOR DE FIBRAS TEXTEIS
842115,CLASSIFICADOR DE FUMO
772105,CLASSIFICADOR DE MADEIRA
762105,CLASSIFICADOR DE PELES
632105,CLASSIFICADOR DE TORAS
823305,CLASSIFICADOR E EMPILHADOR DE TIJOLOS REFRATARIOS
511215,COBRADOR DE TRANSPORTES COLETIVOS (EXCETO TREM)
421305,COBRADOR EXTERNO
421310,COBRADOR INTERNO
415115,CODIFICADOR DE DADOS
765205,COLCHOEIRO (CONFECCAO DE COLCHOES)
371205,COLECIONADOR DE SELOS E MOEDAS
514205,COLETOR DE LIXO
311705,COLORISTA DE PAPEL
311710,COLORISTA TEXTIL
215115,COMANDANTE DA MARINHA MERCANTE
261710,COMENTARISTA DE RADIO E TELEVISAO
141405,COMERCIANTE ATACADISTA
141410,COMERCIANTE VAREJISTA
511110,COMISSARIO DE TREM
511105,COMISSARIO DE VOO
413215,COMPENSADOR DE BANCO
262605,COMPOSITOR
354205,COMPRADOR
781105,CONDUTOR DE PROCESSOS ROBOTIZADOS DE PINTURA
781110,CONDUTOR DE PROCESSOS ROBOTIZADOS DE SOLDAGEM
782820,CONDUTOR DE VEICULOS A PEDAIS
782805,CONDUTOR DE VEICULOS DE TRACAO ANIMAL (RUAS E ESTRADAS)
341305,CONDUTOR MAQUINISTA FLUVIAL
341310,CONDUTOR MAQUINISTA MARITIMO
742110,CONFECCIONADOR DE ACORDEAO
765005,CONFECCIONADOR DE ARTEFATOS DE COURO (EXCETO SAPATOS)
833110,"CONFECCIONADOR DE BOLSAS, SACOS E SACOLAS E PAPEL, A MAQUINA"
765215,CONFECCIONADOR DE BRINQUEDOS DE PANO
768630,CONFECCIONADOR DE CARIMBOS DE BORRACHA
776415,"CONFECCIONADOR DE ESCOVAS, PINCEIS E PRODUTOS SIMILARES "
776410,"CONFECCIONADOR DE ESCOVAS, PINCEIS E PRODUTOS SIMILARES (A MAO)"
742115,CONFECCIONADOR DE INSTRUMENTOS DE CORDA
742120,CONFECCIONADOR DE INSTRUMENTOS DE PERCUSSAO 
742125,CONFECCIONADOR DE INSTRUMENTOS DE SOPRO (MADEIRA)
742130,CONFECCIONADOR DE INSTRUMENTOS DE SOPRO (METAL)
776420,"CONFECCIONADOR DE MOVEIS DE VIME, JUNCO E BAMBU"
742135,CONFECCIONADOR DE ORGAO
742140,CONFECCIONADOR DE PIANO
811715,CONFECCIONADOR DE PNEUMATICOS
833115,"CONFECCIONADOR DE SACOS DE CELOFANE, A MAQUINA"
765225,"CONFECCIONADOR DE VELAS NAUTICAS, BARRACAS E TOLDOS"
811725,CONFECCIONADOR DE VELAS POR IMERSAO
811735,CONFECCIONADOR DE VELAS POR MOLDAGEM
848310,CONFEITEIRO
414215,CONFERENTE DE CARGA E DESCARGA
413220,CONFERENTE DE SERVICOS BANCARIOS
516335,CONFERENTE-EXPEDIDOR DE ROUPAS (LAVANDERIAS)
991410,CONSERVADOR DE FACHADAS
991105,CONSERVADOR DE VIA PERMANENTE (TRILHOS)
351115,CONSULTOR CONTABIL (TECNICO)
241040,CONSULTOR JURIDICO
252210,CONTADOR
412205,CONTINUO
376220,CONTORCIONISTA
760105,CONTRAMESTRE DE ACABAMENTO (INDUSTRIA TEXTIL)
341205,CONTRAMESTRE DE CABOTAGEM
760110,CONTRAMESTRE DE FIACAO (INDUSTRIA TEXTIL)
760115,CONTRAMESTRE DE MALHARIA (INDUSTRIA TEXTIL)
760120,CONTRAMESTRE DE TECELAGEM (INDUSTRIA TEXTIL)
391115,CONTROLADOR DE ENTRADA E SAIDA
519910,CONTROLADOR DE PRAGAS
342115,CONTROLADOR DE SERVICOS DE MAQUINAS E VEICULOS
342505,CONTROLADOR DE TRAFEGO AEREO
215120,COORDENADOR DE OPERACOES DE COMBATE A POLUICAO
239405,COORDENADOR PEDAGOGICO
513425,COPEIRO
513430,COPEIRO DE HOSPITAL
766105,COPIADOR DE CHAPA
262815,COREOGRAFO
030105,CORONEL BOMBEIRO MILITAR
020105,CORONEL DA POLICIA MILITAR
354605,CORRETOR DE IMOVEIS
354505,CORRETOR DE SEGUROS
253305,"CORRETOR DE VALORES, ATIVOS FINANCEIROS E DERIVATIVOS"
765105,CORTADOR DE ARTEFATOS DE COURO (EXCETO ROUPAS E CALCADOS)
768310,"CORTADOR DE CALCADOS, A MAO (EXCETO SOLAS)"
764105,"CORTADOR DE CALCADOS, A MAQUINA (EXCETO SOLAS E PALMILHAS)"
842220,CORTADOR DE CHARUTOS
773105,CORTADOR DE LAMINADOS DE MADEIRA
712205,CORTADOR DE PEDRAS
763110,CORTADOR DE ROUPAS
764110,"CORTADOR DE SOLAS E PALMILHAS, A MAQUINA"
765110,CORTADOR DE TAPECARIA
752210,CORTADOR DE VIDRO
768315,"COSTURADOR DE ARTEFATOS DE COURO, A MAO "
765310,"COSTURADOR DE ARTEFATOS DE COURO, A MAQUINA "
764205,"COSTURADOR DE CALCADOS, A MAQUINA"
763010,COSTUREIRA DE PECAS SOB ENCOMENDA
763015,COSTUREIRA DE REPARACAO DE ROUPAS
763020,COSTUREIRO DE ROUPA DE COURO E PELE
763205,COSTUREIRO DE ROUPAS DE COURO E PELE
763210,COSTUREIRO NA CONFECCAO EM SERIE
763215,"COSTUREIRO, A MAQUINA NA CONFECCAO EM SERIE"
841408,COZINHADOR (CONSERVACAO DE ALIMENTOS)
841416,COZINHADOR DE CARNES
841420,COZINHADOR DE FRUTAS E LEGUMES
841730,COZINHADOR DE MALTE
841428,COZINHADOR DE PESCADO
513225,COZINHEIRO DE EMBARCACOES
513220,COZINHEIRO DE HOSPITAL
513210,COZINHEIRO DO SERVICO DOMESTICO
513205,COZINHEIRO GERAL
513215,COZINHEIRO INDUSTRIAL
613010,CRIADOR DE ANIMAIS DOMESTICOS
613410,CRIADOR DE ANIMAIS PRODUTORES DE VENENO
613105,CRIADOR DE ASININOS E MUARES
613110,CRIADOR DE BOVINOS (CORTE)
613115,CRIADOR DE BOVINOS (LEITE)
613120,CRIADOR DE BUBALINOS (CORTE)
613125,CRIADOR DE BUBALINOS (LEITE)
631305,CRIADOR DE CAMAROES
613205,CRIADOR DE CAPRINOS
613130,CRIADOR DE EQUINOS
631310,CRIADOR DE JACARES
631315,CRIADOR DE MEXILHOES
631320,CRIADOR DE OSTRAS
613210,CRIADOR DE OVINOS
631325,CRIADOR DE PEIXES
631330,CRIADOR DE QUELONIOS
631335,CRIADOR DE RAS
613215,CRIADOR DE SUINOS
613005,CRIADOR EM PECUARIA POLIVALENTE
261510,CRITICO
768130,"CROCHETEIRO, A MAO"
391105,CRONOANALISTA
391110,CRONOMETRISTA
632110,CUBADOR DE MADEIRA
516210,CUIDADOR DE IDOSOS
513415,CUMIM
613310,CUNICULTOR
762205,CURTIDOR (COUROS E PELES)
376110,DANCARINO POPULAR
376105,DANCARINO TRADICIONAL
412105,DATILOGRAFO
723205,DECAPADOR
752405,DECORADOR DE CERAMICA
262905,DECORADOR DE INTERIORES DE NIVEL SUPERIOR
752410,DECORADOR DE VIDRO
752415,DECORADOR DE VIDRO A PINCEL
242405,DEFENSOR PUBLICO
848105,DEFUMADOR DE CARNES E PESCADOS
848405,DEGUSTADOR DE CAFE
848410,DEGUSTADOR DE CHA
842235,DEGUSTADOR DE CHARUTOS
848415,DEGUSTADOR DE DERIVADOS DE CACAU
848420,DEGUSTADOR DE VINHOS OU LICORES
242305,DELEGADO DE POLICIA
717005,DEMOLIDOR DE EDIFICACOES
521120,DEMONSTRADOR DE MERCADORIAS
111115,DEPUTADO ESTADUAL E DISTRITAL
111110,DEPUTADO FEDERAL
762110,"DESCARNADOR DE COUROS E PELES, A MAQUINA"
999994,DESEMPREGADO CRONICO 
318010,DESENHISTA COPISTA
318015,DESENHISTA DETALHISTA
262410,DESENHISTA INDUSTRIAL (DESIGNER)
318505,DESENHISTA PROJETISTA DE ARQUITETURA
318510,DESENHISTA PROJETISTA DE CONSTRUCAO CIVIL
318705,DESENHISTA PROJETISTA DE ELETRICIDADE
318605,DESENHISTA PROJETISTA DE MAQUINAS
318710,DESENHISTA PROJETISTA ELETRONICO
318610,DESENHISTA PROJETISTA MECANICO
318005,DESENHISTA TECNICO
318105,DESENHISTA TECNICO (ARQUITETURA)
318405,DESENHISTA TECNICO (ARTES GRAFICAS)
318310,"DESENHISTA TECNICO (CALEFACAO, VENTILACAO E REFRIGERACAO)"
318110,DESENHISTA TECNICO (CARTOGRAFIA)
318115,DESENHISTA TECNICO (CONSTRUCAO CIVIL)
318305,DESENHISTA TECNICO (ELETRICIDADE E ELETRONICA)
318410,DESENHISTA TECNICO (ILUSTRACOES ARTISTICAS)
318415,DESENHISTA TECNICO (ILUSTRACOES TECNICAS)
318420,DESENHISTA TECNICO (INDUSTRIA TEXTIL)
318120,DESENHISTA TECNICO (INSTALACOES HIDROSSANITARIAS)
318425,DESENHISTA TECNICO (MOBILIARIO)
318210,DESENHISTA TECNICO AERONAUTICO
318430,"DESENHISTA TECNICO DE EMBALAGENS, MAQUETES E LEIAUTES"
318205,DESENHISTA TECNICO MECANICO
318215,DESENHISTA TECNICO NAVAL
841432,DESIDRATADOR DE ALIMENTOS
375105,DESIGNER DE INTERIORES
375110,DESIGNER DE VITRINES
316335,DESINCRUSTADOR (POCOS DE PETROLEO)
848515,DESOSSADOR
342210,DESPACHANTE ADUANEIRO
511210,DESPACHANTE DE TRANSPORTES COLETIVOS (EXCETO TREM)
423105,DESPACHANTE DOCUMENTALISTA
342510,DESPACHANTE OPERACIONAL DE VOO
841735,DESSECADOR DE MALTE
811405,DESTILADOR DE MADEIRA
811410,DESTILADOR DE PRODUTOS QUIMICOS (EXCETO PETROLEO)
711115,DESTROCADOR DE PEDRA
351805,DETETIVE PROFISSIONAL
711120,DETONADOR
223705,DIETISTA
412110,DIGITADOR
123105,DIRETOR ADMINISTRATIVO
123110,DIRETOR ADMINISTRATIVO E FINANCEIRO
123305,DIRETOR COMERCIAL
122705,DIRETOR COMERCIAL EM OPERACOES DE INTERMEDIACAO FINANCEIRA
262330,DIRETOR DE ARTE
122720,DIRETOR DE CAMBIO E COMERCIO EXTERIOR
262205,DIRETOR DE CINEMA
122725,DIRETOR DE COMPLIANCE
122730,DIRETOR DE CREDITO (EXCETO CREDITO IMOBILIARIO)
122735,DIRETOR DE CREDITO IMOBILIARIO
122715,DIRETOR DE CREDITO RURAL
372105,DIRETOR DE FOTOGRAFIA
131305,DIRETOR DE INSTITUICAO EDUCACIONAL DA AREA PRIVADA
131310,DIRETOR DE INSTITUICAO EDUCACIONAL PUBLICA
122740,DIRETOR DE LEASING
123805,DIRETOR DE MANUTENCAO
123310,DIRETOR DE MARKETING
122745,DIRETOR DE MERCADO DE CAPITAIS
122405,DIRETOR DE OPERACOES COMERCIAIS 
122605,DIRETOR DE OPERACOES DE CORREIOS
122305,DIRETOR DE OPERACOES DE OBRAS PUBLICA E CIVIL
122610,DIRETOR DE OPERACOES DE SERVICOS DE ARMAZENAMENTO
122615,DIRETOR DE OPERACOES DE SERVICOS DE TELECOMUNICACOES
122620,DIRETOR DE OPERACOES DE SERVICOS DE TRANSPORTE
123705,DIRETOR DE PESQUISA E DESENVOLVIMENTO (P&D)
121005,DIRETOR DE PLANEJAMENTO ESTRATEGICO
122205,DIRETOR DE PRODUCAO E OPERACOES DA INDUSTRIA DE TRANSFORMACAO
122505,DIRETOR DE PRODUCAO E OPERACOES DE ALIMENTACAO
122510,DIRETOR DE PRODUCAO E OPERACOES DE HOTEL
122515,DIRETOR DE PRODUCAO E OPERACOES DE TURISMO
122105,DIRETOR DE PRODUCAO E OPERACOES EM EMPRESA AGROPECUARIA
122110,DIRETOR DE PRODUCAO E OPERACOES EM EMPRESA AQUICOLA
122115,DIRETOR DE PRODUCAO E OPERACOES EM EMPRESA FLORESTAL
122120,DIRETOR DE PRODUCAO E OPERACOES EM EMPRESA PESQUEIRA
122710,DIRETOR DE PRODUTOS BANCARIOS
262210,DIRETOR DE PROGRAMAS DE RADIO
262215,DIRETOR DE PROGRAMAS DE TELEVISAO
122750,DIRETOR DE RECUPERACAO DE CREDITOS 
123205,DIRETOR DE RECURSOS HUMANOS
261115,DIRETOR DE REDACAO
123210,DIRETOR DE RELACOES DE TRABALHO
122755,DIRETOR DE RISCOS DE MERCADO
131105,DIRETOR DE SERVICOS CULTURAIS
123605,DIRETOR DE SERVICOS DE INFORMATICA
131205,DIRETOR DE SERVICOS DE SAUDE
131110,DIRETOR DE SERVICOS SOCIAIS
123405,DIRETOR DE SUPRIMENTOS
123410,DIRETOR DE SUPRIMENTOS NO SERVICO PUBLICO
123115,DIRETOR FINANCEIRO
121010,DIRETOR GERAL DE EMPRESA E ORGANIZACOES 
262220,DIRETOR TEATRAL
114105,DIRIGENTE DE PARTIDO POLITICO
111410,DIRIGENTE DO SERVICO PUBLICO ESTADUAL E DISTRITAL
111405,DIRIGENTE DO SERVICO PUBLICO FEDERAL
111415,DIRIGENTE DO SERVICO PUBLICO MUNICIPAL
114405,DIRIGENTE E ADMINISTRADOR DE ORGANIZACAO DA SOCIEDADE CIVIL
114305,DIRIGENTE E ADMINISTRADOR DE ORGANIZACAO RELIGIOSA
114205,DIRIGENTES DE ENTIDADES DE TRABALHADORES
114210,DIRIGENTES DE ENTIDADES PATRONAIS
261210,DOCUMENTALISTA
376225,DOMADOR DE ANIMAIS (CIRCENSE)
999992,DONA DE CASA
811810,DRAGEADOR (MEDICAMENTOS)
262820,DRAMATURGO DE DANCA
251205,ECONOMISTA
251210,ECONOMISTA AGROINDUSTRIAL
251230,ECONOMISTA AMBIENTAL
251225,ECONOMISTA DO SETOR PUBLICO
251610,ECONOMISTA DOMESTICO
251215,ECONOMISTA FINANCEIRO
251220,ECONOMISTA INDUSTRIAL
251235,ECONOMISTA REGIONAL E URBANO
261120,EDITOR
261605,EDITOR DE JORNAL
261610,EDITOR DE LIVRO
261615,EDITOR DE MIDIA ELETRONICA
261620,EDITOR DE REVISTA
261625,EDITOR DE REVISTA CIENTIFICA
766120,EDITOR DE TEXTO E IMAGEM
374405,EDITOR DE TV E VIDEO
341315,ELETRICISTA DE BORDO
715615,ELETRICISTA DE INSTALACOES
953105,ELETRICISTA DE INSTALACOES (AERONAVES)
715605,ELETRICISTA DE INSTALACOES (CENARIOS)
715610,ELETRICISTA DE INSTALACOES (EDIFICIOS)
953110,ELETRICISTA DE INSTALACOES (EMBARCACOES)
953115,ELETRICISTA DE INSTALACOES (VEICULOS AUTOMOTORES )
732105,ELETRICISTA DE MANUTENCAO DE LINHAS ELETRICAS
951105,ELETRICISTA DE MANUTENCAO ELETROELETRONICA
954105,ELETROMECANICO DE MANUTENCAO DE ELEVADORES
954110,ELETROMECANICO DE MANUTENCAO DE ESCADAS ROLANTES
954115,ELETROMECANICO DE MANUTENCAO DE PORTAS AUTOMATICAS
313105,ELETROTECNICO
313110,ELETROTECNICO (PRODUCAO DE ENERGIA)
313115,ELETROTENICO NA FABRICACAO DE MAQUINAS E EQUIPAMENTOS
784105,"EMBALADOR, A MAO"
784110,"EMBALADOR, A MAQUINA"
328105,EMBALSAMADOR
732110,EMENDADOR DE CABOS ELETRICOS E TELEFONICOS
421120,EMISSOR DE PASSAGENS
512110,EMPREGADO DOMESTICO ARRUMADOR
512120,EMPREGADO DOMESTICO DIARISTA
512115,EMPREGADO DOMESTICO FAXINEIRO
512105,EMPREGADO DOMESTICO NOS SERVICOS GERAIS
262105,EMPRESARIO DE ESPETACULO
724110,ENCANADOR
821405,ENCARREGADO DE ACABAMENTO DE CHAPAS E METAIS (TEMPERA)
760305,ENCARREGADO DE CORTE NA CONFECCAO DO VESTUARIO
760310,ENCARREGADO DE COSTURA NA CONFECCAO DO VESTUARIO
992210,ENCARREGADO DE EQUIPE DE CONSERVACAO DE VIAS PERMANENTES 
313415,ENCARREGADO DE MANUTENCAO DE INSTRUMENTOS DE MEDICAO
950205,ENCARREGADO DE MANUTENCAO ELETRICA DE VEICULOS
910105,ENCARREGADO DE MANUTENCAO MECANICA DE SISTEMAS OPERACIONAIS
992205,ENCARREGADO GERAL DE OPERACOES DE CONSERVACAO DE VIAS 
223505,ENFERMEIRO
223510,ENFERMEIRO AUDITOR
223515,ENFERMEIRO DE BORDO
223520,ENFERMEIRO DE CENTRO CIRURGICO
223525,ENFERMEIRO DE TERAPIA INTENSIVA
223530,ENFERMEIRO DO TRABALHO
223535,ENFERMEIRO NEFROLOGISTA
223540,ENFERMEIRO NEONATOLOGISTA
223545,ENFERMEIRO OBSTETRICO
223550,ENFERMEIRO PSIQUIATRICO
223555,ENFERMEIRO PUERICULTOR E PEDIATRICO
223560,ENFERMEIRO SANITARISTA
519305,ENFERMEIRO VETERINARIO
763115,ENFESTADOR DE ROUPAS
751005,ENGASTADOR (JOIAS)
214425,ENGENHEIRO AERONAUTICO
222105,ENGENHEIRO AGRICOLA
214805,ENGENHEIRO AGRIMENSOR
222110,ENGENHEIRO AGRONOMO
214810,ENGENHEIRO CARTOGRAFO
214205,ENGENHEIRO CIVIL
214210,ENGENHEIRO CIVIL (AEROPORTOS)
214215,ENGENHEIRO CIVIL (EDIFICACOES)
214220,ENGENHEIRO CIVIL (ESTRUTURAS METALICAS)
214225,ENGENHEIRO CIVIL (FERROVIAS E METROVIAS)
214230,ENGENHEIRO CIVIL (GEOTECNIA)
214240,ENGENHEIRO CIVIL (HIDRAULICA)
214235,ENGENHEIRO CIVIL (HIDROLOGIA)
214245,ENGENHEIRO CIVIL (PONTES E VIADUTOS)
214250,ENGENHEIRO CIVIL (PORTOS E VIAS NAVEGAVEIS)
214255,ENGENHEIRO CIVIL (RODOVIAS)
214260,ENGENHEIRO CIVIL (SANEAMENTO)
214270,ENGENHEIRO CIVIL (TRANSPORTES E TRANSITO)
214265,ENGENHEIRO CIVIL (TUNEIS)
212205,ENGENHEIRO DE APLICATIVOS EM COMPUTACAO
214910,ENGENHEIRO DE CONTROLE DE QUALIDADE
214355,ENGENHEIRO DE CONTROLE E AUTOMACAO
212210,ENGENHEIRO DE EQUIPAMENTOS EM COMPUTACAO
214335,ENGENHEIRO DE MANUTENCAO DE TELECOMUNICACOES
214605,ENGENHEIRO DE MATERIAIS
214705,ENGENHEIRO DE MINAS
214710,ENGENHEIRO DE MINAS (BENEFICIAMENTO)
214715,ENGENHEIRO DE MINAS (LAVRA A CEU ABERTO)
214720,ENGENHEIRO DE MINAS (LAVRA SUBTERRANEA)
214725,ENGENHEIRO DE MINAS (PESQUISA MINERAL)
214730,ENGENHEIRO DE MINAS (PLANEJAMENTO)
214735,ENGENHEIRO DE MINAS (PROCESSO)
214740,ENGENHEIRO DE MINAS (PROJETO)
222115,ENGENHEIRO DE PESCA
214905,ENGENHEIRO DE PRODUCAO
214350,ENGENHEIRO DE REDES DE COMUNICACAO
214920,ENGENHEIRO DE RISCOS
214915,ENGENHEIRO DE SEGURANCA DO TRABALHO
214340,ENGENHEIRO DE TELECOMUNICACOES
214925,ENGENHEIRO DE TEMPOS E MOVIMENTOS
214305,ENGENHEIRO ELETRICISTA
214315,ENGENHEIRO ELETRICISTA DE MANUTENCAO
214320,ENGENHEIRO ELETRICISTA DE PROJETOS
214310,ENGENHEIRO ELETRONICO
214325,ENGENHEIRO ELETRONICO DE MANUTENCAO
214330,ENGENHEIRO ELETRONICO DE PROJETOS
222120,ENGENHEIRO FLORESTAL
214405,ENGENHEIRO MECANICO
214415,ENGENHEIRO MECANICO (ENERGIA NUCLEAR)
214410,ENGENHEIRO MECANICO AUTOMOTIVO
214420,ENGENHEIRO MECANICO INDUSTRIAL
202105,ENGENHEIRO MECATRONICO
214610,ENGENHEIRO METALURGISTA
214430,ENGENHEIRO NAVAL
214345,ENGENHEIRO PROJETISTA DE TELECOMUNICACOES
214505,ENGENHEIRO QUIMICO
214515,ENGENHEIRO QUIMICO (
214510,ENGENHEIRO QUIMICO (INDUSTRIA QUIMICA)
214520,ENGENHEIRO QUIMICO (PAPEL E CELULOSE)
214525,ENGENHEIRO QUIMICO (PETROLEO E BORRACHA)
214530,ENGENHEIRO QUIMICO (UTILIDADES E MEIO AMBIENTE)
212215,ENGENHEIROS DE SISTEMAS OPERACIONAIS EM COMPUTACAO
519915,ENGRAXATE
325005,ENOLOGO
262825,ENSAIADOR DE DANCA
775105,ENTALHADOR DE MADEIRA
424105,ENTREVISTADOR CENSITARIO E DE PESQUISAS AMOSTRAIS
424110,ENTREVISTADOR DE PESQUISA DE OPINIAO E MIDIA
424115,ENTREVISTADOR DE PESQUISAS DE MERCADO
424120,ENTREVISTADOR DE PRECOS
762215,ENXUGADOR DE COUROS
376230,EQUILIBRISTA
821410,ESCARFADOR
391225,ESCOLHEDOR DE PAPEL
711125,ESCORADOR DE MINAS
351405,ESCREVENTE
261515,ESCRITOR DE FICCAO
261520,ESCRITOR DE NAO FICCAO
413225,ESCRITURARIO DE BANCO
424125,ESCRITURARIO EM ESTATISTICA
351420,ESCRIVAO DE POLICIA
351415,ESCRIVAO EXTRA - JUDICIAL
351410,ESCRIVAO JUDICIAL
516805,ESOTERICO
201210,ESPECIALISTA EM CALIBRACOES METROLOGICAS
201215,ESPECIALISTA EM ENSAIOS METROLOGICOS
201220,ESPECIALISTA EM INSTRUMENTACAO METROLOGICA
201225,ESPECIALISTA EM MATERIAIS DE REFERENCIA METROLOGICA
211110,ESPECIALISTA EM PESQUISA OPERACIONAL
761410,ESTAMPADOR DE TECIDO
211205,ESTATISTICO
211210,ESTATISTICO (ESTATISTICA APLICADA)
211215,ESTATISTICO TEORICO
776425,ESTEIREIRO
351515,ESTENOTIPISTA
841440,ESTERILIZADOR DE ALIMENTOS
516115,ESTETICISTA
519310,ESTETICISTA DE ANIMAIS DOMESTICOS
762305,ESTIRADOR DE COUROS E PELES (ACABAMENTO)
762115,ESTIRADOR DE COUROS E PELES (PREPARACAO)
722410,ESTIRADOR DE TUBOS DE METAL SEM COSTURA
783220,ESTIVADOR
765230,ESTOFADOR DE AVIOES
765235,ESTOFADOR DE MOVEIS
999991,ESTUDANTE
732115,"EXAMINADOR DE CABOS, LINHAS ELETRICAS E TELEFONICAS"
823210,EXTRUSOR DE FIOS OU FIBRAS DE VIDRO
223405,FARMACEUTICO
223410,FARMACEUTICO BIOQUIMICO
514210,FAXINEIRO
524205,FEIRANTE
841715,FERMENTADOR
721105,FERRAMENTEIRO
721110,"FERRAMENTEIRO DE MANDRIS, CALIBRADORES E OUTROS DISPOSITIVOS"
261405,FILOLOGO
251405,FILOSOFO
841710,FILTRADOR DE CERVEJA
374410,FINALIZADOR DE FILMES
374415,FINALIZADOR DE VIDEO
342515,FISCAL DE AVIACAO CIVIL (FAC)
710225,FISCAL DE PATIO DE USINA DE CONCRETO
511205,FISCAL DE TRANSPORTES COLETIVOS (EXCETO TREM)
254405,FISCAL DE TRIBUTOS ESTADUAL
254410,FISCAL DE TRIBUTOS MUNICIPAL
213105,FISICO
213110,FISICO (ACUSTICA)
213115,FISICO (ATOMICA E MOLECULAR)
213120,FISICO (COSMOLOGIA)
213125,FISICO (ESTATISTICA E MATEMATICA)
213130,FISICO (FLUIDOS)
213135,FISICO (INSTRUMENTACAO)
213140,FISICO (MATERIA CONDENSADA)
213145,FISICO (MATERIAIS)
213150,FISICO (MEDICINA)
213155,FISICO (NUCLEAR E REATORES)
213160,FISICO (OPTICA)
213165,FISICO (PARTICULAS E CAMPOS)
213170,FISICO (PLASMA)
213175,FISICO (TERMICA)
223605,FISIOTERAPEUTA
415120,FITOTECARIO
862105,FOGUISTA (LOCOMOTIVAS A VAPOR)
775110,FOLHEADOR DE MOVEIS DE MADEIRA
223610,FONOAUDIOLOGO
722105,FORJADOR
722110,FORJADOR A MARTELO
722115,FORJADOR PRENSISTA
823315,FORNEIRO (MATERIAIS DE CONSTRUCAO)
822105,FORNEIRO DE CUBILO
822110,FORNEIRO DE FORNO-POCO
822115,FORNEIRO DE FUNDICAO (FORNO DE REDUCAO)
822120,FORNEIRO DE REAQUECIMENTO E TRATAMENTO TERMICO NA METALURGIA
822125,FORNEIRO DE REVERBERO
821205,FORNEIRO E OPERADOR (ALTO-FORNO)
821210,FORNEIRO E OPERADOR (CONVERSOR A OXIGENIO)
821215,FORNEIRO E OPERADOR (FORNO ELETRICO)
821220,FORNEIRO E OPERADOR (REFINO DE METAIS NAO-FERROSOS)
821225,FORNEIRO E OPERADOR DE FORNO DE REDUCAO DIRETA
823215,FORNEIRO NA FUNDICAO DE VIDRO
823220,FORNEIRO NO RECOZIMENTO DE VIDRO
723210,FOSFATIZADOR
261805,FOTOGRAFO
261810,FOTOGRAFO PUBLICITARIO
261815,FOTOGRAFO RETRATISTA
521135,FRENTISTA
762120,FULONEIRO
762310,FULONEIRO NO ACABAMENTO DE COUROS E PELES
751110,FUNDIDOR (JOALHERIA E OURIVESARIA)
722205,FUNDIDOR DE METAIS
991305,FUNILEIRO DE VEICULOS (REPARACAO)
724435,FUNILEIRO INDUSTRIAL
723215,GALVANIZADOR
519920,GANDULA
514110,GARAGISTA
513405,GARCOM
513410,GARCOM (SERVICOS DE VINHOS)
514215,GARI
711405,GARIMPEIRO
631405,GELADOR INDUSTRIAL
631410,GELADOR PROFISSIONAL
201115,GENETICISTA
213415,GEOFISICO
213310,GEOFISICO ESPACIAL
251305,GEOGRAFO
213405,GEOLOGO
213410,GEOLOGO DE ENGENHARIA
213420,GEOQUIMICO
142105,GERENTE ADMINISTRATIVO
142305,GERENTE COMERCIAL
342520,GERENTE DA ADMINISTRACAO DE AEROPORTOS
141710,GERENTE DE AGENCIA
142415,GERENTE DE ALMOXARIFADO
141515,GERENTE DE BAR
141715,GERENTE DE CAMBIO E COMERCIO EXTERIOR
253205,GERENTE DE CAPTACAO (FUNDOS E INVESTIMENTOS INSTITUCIONAIS)
253210,GERENTE DE CLIENTES ESPECIAIS (PRIVATE)
142405,GERENTE DE COMPRAS
142310,GERENTE DE COMUNICACAO
253215,GERENTE DE CONTAS - PESSOA FISICA E JURIDICA
141720,GERENTE DE CREDITO E COBRANCA
141725,GERENTE DE CREDITO IMOBILIARIO
141730,GERENTE DE CREDITO RURAL
142210,GERENTE DE DEPARTAMENTO PESSOAL
142510,GERENTE DE DESENVOLVIMENTO DE SISTEMAS
342525,GERENTE DE EMPRESA AEREA EM AEROPORTOS
253220,GERENTE DE GRANDES CONTAS (CORPORATE)
141505,GERENTE DE HOTEL
131315,GERENTE DE INSTITUICAO EDUCACIONAL DA AREA PRIVADA
141615,GERENTE DE LOGISTICA (ARMAZENAGEM E DISTRIBUICAO)
141415,GERENTE DE LOJA E SUPERMERCADO
142315,GERENTE DE MARKETING
141610,GERENTE DE OPERACOES DE CORREIOS E TELECOMUNICACOES
141420,GERENTE DE OPERACOES DE SERVICOS DE ASSISTENCIA TECNICA
141605,GERENTE DE OPERACOES DE TRANSPORTES
141520,GERENTE DE PENSAO
142605,GERENTE DE PESQUISA E DESENVOLVIMENTO (P&D)
142515,GERENTE DE PRODUCAO DE TECNOLOGIA DA INFORMACAO
141205,GERENTE DE PRODUCAO E OPERACOES
141115,GERENTE DE PRODUCAO E OPERACOES AGROPECUARIAS
141105,GERENTE DE PRODUCAO E OPERACOES AQUICOLAS
141305,GERENTE DE PRODUCAO E OPERACOES DA CONSTRUCAO CIVIL
141110,GERENTE DE PRODUCAO E OPERACOES FLORESTAIS
141120,GERENTE DE PRODUCAO E OPERACOES PESQUEIRAS
141705,GERENTE DE PRODUTOS BANCARIOS
142520,GERENTE DE PROJETOS DE TECNOLOGIA DA INFORMACAO
142705,GERENTE DE PROJETOS E SERVICOS DE MANUTENCAO
141735,GERENTE DE RECUPERACAO DE CREDITO
142205,GERENTE DE RECURSOS HUMANOS
142505,GERENTE DE REDE
141510,GERENTE DE RESTAURANTE
142110,GERENTE DE RISCOS
142525,GERENTE DE SEGURANCA DE TECNOLOGIA DA INFORMACAO
131115,GERENTE DE SERVICOS CULTURAIS
131210,GERENTE DE SERVICOS DE SAUDE
131320,GERENTE DE SERVICOS EDUCACIONAIS DA AREA PUBLICA
131120,GERENTE DE SERVICOS SOCIAIS
142530,GERENTE DE SUPORTE TECNICO DE TECNOLOGIA DA INFORMACAO
142410,GERENTE DE SUPRIMENTOS
142320,GERENTE DE VENDAS
142115,GERENTE FINANCEIRO
716405,GESSEIRO
111230,GOVERNADOR DE ESTADO
111235,GOVERNADOR DO DISTRITO FEDERAL
513115,GOVERNANTA DE HOTELARIA
751115,GRAVADOR (JOALHERIA E OURIVESARIA)
712210,GRAVADOR DE INSCRICOES EM PEDRA
766135,GRAVADOR DE MATRIZ CALCOGRAFICA
766115,GRAVADOR DE MATRIZ PARA FLEXOGRAFIA (CLICHERISTA)
766130,GRAVADOR DE MATRIZ PARA ROTOGRAVURA
766140,GRAVADOR DE MATRIZ SERIGRAFICA
712215,GRAVADOR DE RELEVOS EM PEDRA
752215,GRAVADOR DE VIDRO A AGUA-FORTE
752220,GRAVADOR DE VIDRO A ESMERIL
752225,GRAVADOR DE VIDRO A JATO DE AREIA
768705,"GRAVADOR, A MAO (ENCADERNACAO)"
517215,GUARDA-CIVIL MUNICIPAL
519925,GUARDADOR DE VEICULOS
513325,GUARDA-ROUPEIRA DE CINEMA
511405,GUIA DE TURISMO
632005,GUIA FLORESTAL
782205,GUINCHEIRO (CONSTRUCAO CIVIL)
841444,HIDROGENADOR DE OLEOS E GORDURAS
213425,HIDROGEOLOGO
632115,IDENTIFICADOR FLORESTAL
998999,IGNORADA
372110,ILUMINADOR (TELEVISAO)
215125,IMEDIATO DA MARINHA MERCANTE
772110,IMPREGNADOR DE MADEIRA
766205,IMPRESSOR (SERIGRAFIA)
766210,IMPRESSOR CALCOGRAFICO
766310,IMPRESSOR DE CORTE E VINCO
766215,IMPRESSOR DE OFSETE (PLANO E ROTATIVO)
766220,IMPRESSOR DE ROTATIVA
766225,IMPRESSOR DE ROTOGRAVURA
766230,IMPRESSOR DIGITAL
766235,IMPRESSOR FLEXOGRAFICO
766240,IMPRESSOR LETTERSET
766245,IMPRESSOR TAMPOGRAFICO
766250,IMPRESSOR TIPOGRAFICO
623010,INSEMINADOR
334105,INSPETOR DE ALUNOS DE ESCOLA PRIVADA
334110,INSPETOR DE ALUNOS DE ESCOLA PUBLICA
342530,INSPETOR DE AVIACAO CIVIL
761805,INSPETOR DE ESTAMPARIA (PRODUCAO TEXTIL)
391205,INSPETOR DE QUALIDADE
351725,INSPETOR DE RISCO
342310,INSPETOR DE SERVICOS DE TRANSPORTES RODOVIARIOS 
351730,INSPETOR DE SINISTROS
314605,INSPETOR DE SOLDAGEM
215130,INSPETOR DE TERMINAL
710215,INSPETOR DE TERRAPLENAGEM
991110,INSPETOR DE VIA PERMANENTE (TRILHOS)
215135,INSPETOR NAVAL
523105,"INSTALADOR DE CORTINAS E PERSIANAS, PORTAS SANFONADAS E BOXE"
715710,INSTALADOR DE ISOLANTES ACUSTICOS
715715,INSTALADOR DE ISOLANTES TERMICOS (REFRIGERACAO E CLIMATIZACAO)
715720,INSTALADOR DE ISOLANTES TERMICOS DE CALDEIRA E TUBULACOES
732120,INSTALADOR DE LINHAS ELETRICAS DE ALTA E BAIXA - TENSAO 
715725,"INSTALADOR DE MATERIAL ISOLANTE, A MAO (EDIFICACOES)"
715730,"INSTALADOR DE MATERIAL ISOLANTE, A MAQUINA (EDIFICACOES)"
951305,INSTALADOR DE SISTEMAS ELETROELETRONICOS DE SEGURANCA
523110,INSTALADOR DE SOM E ACESSORIOS DE VEICULOS
724115,INSTALADOR DE TUBULACOES
724120,INSTALADOR DE TUBULACOES (AERONAVES)
724125,INSTALADOR DE TUBULACOES (EMBARCACOES)
724130,INSTALADOR DE TUBULACOES DE GAS COMBUSTIVEL
724135,INSTALADOR DE TUBULACOES DE VAPOR (PRODUCAO E DISTRIBUICAO)
732125,INSTALADOR ELETRICISTA (TRACAO DE VEICULOS)
731305,INSTALADOR-REPARADOR DE EQUIPAMENTOS DE COMUTACAO 
731310,INSTALADOR-REPARADOR DE EQUIPAMENTOS DE ENERGIA EM TELEFONIA
731315,INSTALADOR-REPARADOR DE EQUIPAMENTOS DE TRANSMISSAO 
731320,INSTALADOR-REPARADOR DE LINHAS DE TELECOMUNICACOES
731325,INSTALADOR-REPARADOR DE REDES E CABOS TELEFONICOS
732130,INSTALADOR-REPARADOR DE REDES TELEFONICAS
322225,INSTRUMENTADOR CIRURGICO
233205,INSTRUTOR DE APRENDIZAGEM E TREINAMENTO AGROPECUARIO
233210,INSTRUTOR DE APRENDIZAGEM E TREINAMENTO INDUSTRIAL
333105,INSTRUTOR DE AUTO-ESCOLA
333110,INSTRUTOR DE CURSOS LIVRES
215315,INSTRUTOR DE VOO
261410,INTERPRETE
351810,INVESTIGADOR DE POLICIA
622010,JARDINEIRO
751010,JOALHEIRO
751015,JOALHEIRO (REPARACOES)
377130,JOQUEI
524210,JORNALEIRO (EM BANCA DE JORNAL)
261125,JORNALISTA
111340,JUIZ AUDITOR ESTADUAL - JUSTICA MILITAR
111335,JUIZ AUDITOR FEDERAL - JUSTICA MILITAR
111325,JUIZ DE DIREITO
111345,JUIZ DO TRABALHO
111330,JUIZ FEDERAL
415125,KARDEXISTA
766405,LABORATORISTA FOTOGRAFICO
716510,LADRILHEIRO
841448,LAGAREIRO
751120,LAMINADOR DE METAIS PRECIOSOS A MAO
811745,LAMINADOR DE PLASTICO
751020,LAPIDADOR (JOIAS)
752230,LAPIDADOR DE VIDROS E CRISTAIS
516305,"LAVADEIRO, EM GERAL"
516315,LAVADOR DE ARTEFATOS DE TAPECARIA
519930,"LAVADOR DE GARRAFAS, VIDROS E OUTROS UTENSILIOS"
761110,LAVADOR DE LA
992120,LAVADOR DE PECAS
516405,LAVADOR DE ROUPAS
516310,LAVADOR DE ROUPAS A MAQUINA
519935,LAVADOR DE VEICULOS
354405,LEILOEIRO
519940,LEITURISTA
113010,LIDER DE COMUNIDADE CAICARA
732135,LIGADOR DE LINHAS TELEFONICAS
516320,"LIMPADOR A SECO, A MAQUINA"
991415,LIMPADOR DE FACHADAS
516410,"LIMPADOR DE ROUPAS A SECO, A MAO"
514220,LIMPADOR DE VIDROS
722210,LINGOTADOR
261415,LINGUISTA
768610,LINOTIPISTA
762315,LIXADOR DE COUROS E PELES
421315,LOCALIZADOR (COBRADOR)
261715,LOCUTOR DE RADIO E TELEVISAO
261720,LOCUTOR PUBLICITARIO DE RADIO E TELEVISAO
919115,LUBRIFICADOR DE EMBARCACOES
919110,LUBRIFICADOR DE VEICULOS AUTOMOTORES (EXCETO EMBARCACOES)
919105,LUBRIFICADOR INDUSTRIAL
224110,LUDOMOTRICISTA
775115,LUSTRADOR DE PECAS DE MADEIRA
716520,LUSTRADOR DE PISO
915215,LUTHIER (RESTAURACAO DE CORDAS ARCADAS)
722305,"MACHEIRO, A MAO"
722310,"MACHEIRO, A MAQUINA"
516215,MAE SOCIAL
848520,MAGAREFE
376235,MAGICO
510135,MAITRE
030110,MAJOR BOMBEIRO MILITAR
020115,MAJOR DA POLICIA MILITAR
376240,MALABARISTA
841725,MALTEIRO (GERMINACAO)
516120,MANICURE
783110,MANOBRADOR
848215,MANTEIGUEIRO NA FABRICACAO DE LATICINIO
991205,MANTENEDOR DE EQUIPAMENTOS DE PARQUES DE DIVERSOES 
951310,MANTENEDOR DE SISTEMAS ELETROELETRONICOS DE SEGURANCA
771115,MAQUETISTA NA MARCENARIA
516125,MAQUIADOR
516130,MAQUIADOR DE CARACTERIZACAO
374210,MAQUINISTA DE CINEMA E VIDEO
862110,MAQUINISTA DE EMBARCACOES
374215,MAQUINISTA DE TEATRO E ESPETACULOS
782610,MAQUINISTA DE TREM
782615,MAQUINISTA DE TREM METROPOLITANO
763315,MARCADOR DE PECAS CONFECCIONADAS PARA BORDAR
821415,MARCADOR DE PRODUTOS (SIDERURGICO E METALURGICO)
771105,MARCENEIRO
775120,MARCHETEIRO
782705,MARINHEIRO DE CONVES (MARITIMO E FLUVIARIO)
782710,MARINHEIRO DE MAQUINAS
716525,MARMORISTA (CONSTRUCAO)
516135,MASSAGISTA
848315,MASSEIRO (MASSAS ALIMENTICIAS)
211115,MATEMATICO
211120,MATEMATICO APLICADO
762320,MATIZADOR DE COUROS E PELES
914105,"MECANICO DE MANUTENCAO DE AERONAVES, EM GERAL"
911205,MECANICO DE MANUTENCAO DE APARELHOS DE CLIMATIZACAO 
913105,MECANICO DE MANUTENCAO DE APARELHOS DE LEVANTAMENTO
919305,MECANICO DE MANUTENCAO DE APARELHOS ESPORTIVOS E DE GINASTICA
914405,MECANICO DE MANUTENCAO DE AUTOMOVEIS E MOTOCICLETAS 
919310,MECANICO DE MANUTENCAO DE BICICLETAS E VEICULOS SIMILARES
911105,MECANICO DE MANUTENCAO DE BOMBA INJETORA
911110,MECANICO DE MANUTENCAO DE BOMBAS
911115,MECANICO DE MANUTENCAO DE COMPRESSORES DE AR
914410,MECANICO DE MANUTENCAO DE EMPILHADEIRAS
913110,MECANICO DE MANUTENCAO DE EQUIPAMENTO DE MINERACAO
954120,MECANICO DE MANUTENCAO DE INSTALACOES MECANICAS DE EDIFICIOS
913115,MECANICO DE MANUTENCAO DE MAQUINAS AGRICOLAS
919205,MECANICO DE MANUTENCAO DE MAQUINAS CORTADORAS DE GRAMA
913120,MECANICO DE MANUTENCAO DE MAQUINAS DE CONSTRUCAO 
911310,MECANICO DE MANUTENCAO DE MAQUINAS GRAFICAS
911315,MECANICO DE MANUTENCAO DE MAQUINAS OPERATRIZES
911320,MECANICO DE MANUTENCAO DE MAQUINAS TEXTEIS
911305,"MECANICO DE MANUTENCAO DE MAQUINAS, EM GERAL"
911325,MECANICO DE MANUTENCAO DE MAQUINAS-FERRAMENTAS
914415,MECANICO DE MANUTENCAO DE MOTOCICLETAS
911120,MECANICO DE MANUTENCAO DE MOTORES DIESEL 
914205,MECANICO DE MANUTENCAO DE MOTORES E EQUIPAMENTOS NAVAIS
911125,MECANICO DE MANUTENCAO DE REDUTORES
914110,MECANICO DE MANUTENCAO DE SISTEMA HIDRAULICO DE AERONAVES 
914420,MECANICO DE MANUTENCAO DE TRATORES
911130,MECANICO DE MANUTENCAO DE TURBINAS (EXCETO DE AERONAVES)
911135,MECANICO DE MANUTENCAO DE TURBOCOMPRESSORES
914305,MECANICO DE MANUTENCAO DE VEICULOS FERROVIARIOS
725705,MECANICO DE REFRIGERACAO
914425,MECANICO DE VEICULOS AUTOMOTORES A DIESEL (EXCETO TRATORES)
341115,MECANICO DE VOO
725405,MECANICO MONTADOR DE MOTORES DE AERONAVES
725410,MECANICO MONTADOR DE MOTORES DE EMBARCACOES
725415,MECANICO MONTADOR DE MOTORES DE EXPLOSAO E DIESEL
725420,MECANICO MONTADOR DE TURBOALIMENTADORES
223101,MEDICO ACUPUNTURISTA
223102,MEDICO ALERGISTA E IMUNOLOGISTA
223103,MEDICO ANATOMOPATOLOGISTA
223104,MEDICO ANESTESIOLOGISTA
223105,MEDICO ANGIOLOGISTA
223106,MEDICO CARDIOLOGISTA
223107,MEDICO CIRURGIAO CARDIOVASCULAR
223108,MEDICO CIRURGIAO DE CABECA E PESCOCO
223109,MEDICO CIRURGIAO DO APARELHO DIGESTIVO
223110,MEDICO CIRURGIAO GERAL
223111,MEDICO CIRURGIAO PEDIATRICO
223112,MEDICO CIRURGIAO PLASTICO
223113,MEDICO CIRURGIAO TORACICO
223114,MEDICO CITOPATOLOGISTA
223115,MEDICO CLINICO
223116,MEDICO DE SAUDE DA FAMILIA
223117,MEDICO DERMATOLOGISTA
223118,MEDICO DO TRABALHO
223119,MEDICO EM ELETROENCEFALOGRAFIA
223120,MEDICO EM ENDOSCOPIA
223121,MEDICO EM MEDICINA DE TRAFEGO
223122,MEDICO EM MEDICINA INTENSIVA
223123,MEDICO EM MEDICINA NUCLEAR
223124,MEDICO EM RADIOLOGIA E DIAGNOSTICO POR IMAGEM
223125,MEDICO ENDOCRINOLOGISTA E METABOLOGISTA
223126,MEDICO FISIATRA
223127,MEDICO FONIATRA
223128,MEDICO GASTROENTEROLOGISTA
223129,MEDICO GENERALISTA
223130,MEDICO GENETICISTA
223131,MEDICO GERIATRA
223132,MEDICO GINECOLOGISTA E OBSTETRA
223133,MEDICO HEMATOLOGISTA
223134,MEDICO HEMOTERAPEUTA
223135,MEDICO HOMEOPATA
223136,MEDICO INFECTOLOGISTA
223137,MEDICO LEGISTA
223138,MEDICO MASTOLOGISTA
223139,MEDICO NEFROLOGISTA
223140,MEDICO NEUROCIRURGIAO
223141,MEDICO NEUROFISIOLOGISTA
223142,MEDICO NEUROLOGISTA
223143,MEDICO NUTROLOGISTA
223144,MEDICO OFTALMOLOGISTA
223145,MEDICO ONCOLOGISTA
223146,MEDICO ORTOPEDISTA E TRAUMATOLOGISTA
223147,MEDICO OTORRINOLARINGOLOGISTA
223148,MEDICO PATOLOGISTA CLINICO
223149,MEDICO PEDIATRA
223150,MEDICO PERITO
223151,MEDICO PNEUMOLOGISTA
223152,MEDICO PROCTOLOGISTA
223153,MEDICO PSIQUIATRA
223154,MEDICO RADIOTERAPEUTA
223155,MEDICO REUMATOLOGISTA
223156,MEDICO SANITARISTA
223157,MEDICO UROLOGISTA
223305,MEDICO VETERINARIO
113015,MEMBRO DE LIDERANCA QUILOMBOLA
111225,MEMBRO SUPERIOR DO PODER EXECUTIVO
781705,MERGULHADOR PROFISSIONAL (RASO E PROFUNDO)
720105,MESTRE (AFIADOR DE FERRAMENTAS)
710205,MESTRE (CONSTRUCAO CIVIL)
720205,MESTRE (CONSTRUCAO NAVAL)
720210,MESTRE (INDUSTRIA DE AUTOMOTORES E MATERIAL DE TRANSPORTES)
810205,MESTRE (INDUSTRIA DE BORRACHA E PLASTICO)
830105,"MESTRE (INDUSTRIA DE CELULOSE, PAPEL E PAPELAO)"
770105,MESTRE (INDUSTRIA DE MADEIRA E MOBILIARIO)
720215,MESTRE (INDUSTRIA DE MAQUINAS )
810105,MESTRE (INDUSTRIA PETROQUIMICA E CARBOQUIMICA)
760125,MESTRE (INDUSTRIA TEXTIL E DE CONFECCOES)
770110,MESTRE CARPINTEIRO
820110,MESTRE DE ACIARIA
820115,MESTRE DE ALTO-FORNO
341210,MESTRE DE CABOTAGEM
720110,MESTRE DE CALDEIRARIA
720220,MESTRE DE CONSTRUCAO DE FORNOS
720115,MESTRE DE FERRAMENTARIA
720120,MESTRE DE FORJARIA
820120,MESTRE DE FORNO ELETRICO
720125,MESTRE DE FUNDICAO
720130,MESTRE DE GALVANOPLASTIA
820125,MESTRE DE LAMINACAO
710210,MESTRE DE LINHAS (FERROVIAS)
720135,MESTRE DE PINTURA (TRATAMENTO DE SUPERFICIES)
810305,MESTRE DE PRODUCAO FARMACEUTICA
810110,MESTRE DE PRODUCAO QUIMICA
820105,MESTRE DE SIDERURGIA
720140,MESTRE DE SOLDAGEM
720145,MESTRE DE TREFILACAO DE METAIS
720150,MESTRE DE USINAGEM
341215,MESTRE FLUVIAL
720155,MESTRE SERRALHEIRO
723225,METALIZADOR (BANHO QUENTE)
723220,METALIZADOR A PISTOLA
213315,METEOROLOGISTA
352305,METROLOGISTA
374140,MICROFONISTA
711130,MINEIRO
613415,MINHOCULTOR
263105,MINISTRO DE CULTO RELIGIOSO
111215,MINISTRO DE ESTADO
111310,MINISTRO DO SUPERIOR TRIBUNAL DE JUSTICA
111320,MINISTRO DO SUPERIOR TRIBUNAL DO TRABALHO
111315,MINISTRO DO SUPERIOR TRIBUNAL MILITAR
111305,MINISTRO DO SUPREMO TRIBUNAL FEDERAL
263110,MISSIONARIO
841605,MISTURADOR DE CAFE
841630,MISTURADOR DE CHA OU MATE
782715,MOCO DE CONVES (MARITIMO E FLUVIARIO)
782720,MOCO DE MAQUINAS (MARITIMO E FLUVIARIO)
771110,MODELADOR DE MADEIRA
721115,MODELADOR DE METAIS (FUNDICAO)
318815,MODELISTA DE CALCADOS
318810,MODELISTA DE ROUPAS
376405,MODELO ARTISTICO
376410,MODELO DE MODAS
376415,MODELO PUBLICITARIO
841615,MOEDOR DE CAFE
841205,MOEDOR DE SAL
752110,MOLDADOR (VIDROS)
823230,MOLDADOR DE ABRASIVOS NA FABRICACAO DE CERAMICA
811750,MOLDADOR DE BORRACHA POR COMPRESSAO
715310,MOLDADOR DE CORPOS DE PROVA EM USINAS DE CONCRETO
811760,MOLDADOR DE PLASTICO POR COMPRESSAO
811770,MOLDADOR DE PLASTICO POR INJECAO
722315,"MOLDADOR, A MAO"
722320,"MOLDADOR, A MAQUINA"
811105,MOLEIRO (TRATAMENTOS QUIMICOS E AFINS)
841105,MOLEIRO DE CEREAIS (EXCETO ARROZ)
841110,MOLEIRO DE ESPECIARIAS
712105,MOLEIRO DE MINERIOS
422215,MONITOR DE TELEATENDIMENTO
768615,MONOTIPISTA
715545,MONTADOR DE ANDAIMES (EDIFICACOES)
765315,MONTADOR DE ARTEFATOS DE COURO (EXCETO ROUPAS E CALCADOS)
919315,MONTADOR DE BICICLETAS
764210,MONTADOR DE CALCADOS
725305,MONTADOR DE EQUIPAMENTO DE LEVANTAMENTO
731120,MONTADOR DE EQUIPAMENTOS ELETRICOS
731135,MONTADOR DE EQUIPAMENTOS ELETRICOS
731155,MONTADOR DE EQUIPAMENTOS ELETRICOS 
731125,MONTADOR DE EQUIPAMENTOS ELETRICOS (CENTRAIS ELETRICAS)
731115,MONTADOR DE EQUIPAMENTOS ELETRICOS (INSTRUMENTOS DE MEDICAO)
731130,MONTADOR DE EQUIPAMENTOS ELETRICOS (MOTORES E DINAMOS)
731160,MONTADOR DE EQUIPAMENTOS ELETRICOS (TRANSFORMADORES)
731110,MONTADOR DE EQUIPAMENTOS ELETRONICOS
731140,MONTADOR DE EQUIPAMENTOS ELETRONICOS
731150,MONTADOR DE EQUIPAMENTOS ELETRONICOS
731105,MONTADOR DE EQUIPAMENTOS ELETRONICOS (APARELHOS MEDICOS)
731205,"MONTADOR DE EQUIPAMENTOS ELETRONICOS (ESTACAO DE RADIO, TV)"
731145,MONTADOR DE EQUIPAMENTOS ELETRONICOS (MAQUINAS INDUSTRIAIS)
725605,MONTADOR DE ESTRUTURAS DE AERONAVES
724205,MONTADOR DE ESTRUTURAS METALICAS
724210,MONTADOR DE ESTRUTURAS METALICAS DE EMBARCACOES
374420,MONTADOR DE FILMES
766125,MONTADOR DE FOTOLITO (ANALOGICO E DIGITAL)
741110,MONTADOR DE INSTRUMENTOS DE OPTICA
741115,MONTADOR DE INSTRUMENTOS DE PRECISAO
725205,MONTADOR DE MAQUINAS
725310,MONTADOR DE MAQUINAS AGRICOLAS
725315,MONTADOR DE MAQUINAS DE MINAS E PEDREIRAS
725320,MONTADOR DE MAQUINAS DE TERRAPLENAGEM
725210,MONTADOR DE MAQUINAS GRAFICAS
725215,MONTADOR DE MAQUINAS OPERATRIZES PARA MADEIRA
725220,MONTADOR DE MAQUINAS TEXTEIS
725105,"MONTADOR DE MAQUINAS, MOTORES E ACESSORIOS"
725225,MONTADOR DE MAQUINAS-FERRAMENTAS (USINAGEM DE METAIS)
774105,MONTADOR DE MOVEIS E ARTEFATOS DE MADEIRA
725610,MONTADOR DE SISTEMAS DE COMBUSTIVEL DE AERONAVES
725505,MONTADOR DE VEICULOS (LINHA DE MONTAGEM)
991310,MONTADOR DE VEICULOS (REPARACAO)
513110,MORDOMO DE HOTELARIA
513105,MORDOMO DE RESIDENCIA
716530,MOSAISTA
519110,MOTOCICLISTA NO TRANSPORTE DE DOCUMENTOS E PEQUENOS VOLUMES
782510,MOTORISTA DE CAMINHAO (ROTAS REGIONAIS E INTERNACIONAIS)
782305,MOTORISTA DE CARRO DE PASSEIO
782310,MOTORISTA DE FURGAO OU VEICULO SIMILAR
782405,MOTORISTA DE ONIBUS RODOVIARIO
782410,MOTORISTA DE ONIBUS URBANO
782315,MOTORISTA DE TAXI
782415,MOTORISTA DE TROLEBUS
782515,MOTORISTA OPERACIONAL DE GUINCHO
782620,MOTORNEIRO
261310,MUSEOLOGO
262610,MUSICO ARRANJADOR
262705,MUSICO INTERPRETE CANTOR
262710,MUSICO INTERPRETE INSTRUMENTISTA
262615,MUSICO REGENTE
262620,MUSICOLOGO
261725,NARRADOR EM PROGRAMAS DE RADIO E TELEVISAO
251545,NEUROPSICOLOGO
723110,NORMALIZADOR DE METAIS E DE COMPOSITOS
516710,NUMEROLOGO
223710,NUTRICIONISTA
010205,OFICIAL DA AERONAUTICA
010215,OFICIAL DA MARINHA
351425,OFICIAL DE JUSTICA
215140,OFICIAL DE QUARTO DE NAVEGACAO DA MARINHA MERCANTE
241305,OFICIAL DE REGISTRO DE CONTRATOS MARITIMOS
010210,OFICIAL DO EXERCITO
241310,OFICIAL DO REGISTRO CIVIL DE PESSOAS JURIDICAS
241315,OFICIAL DO REGISTRO CIVIL DE PESSOAS NATURAIS
241320,OFICIAL DO REGISTRO DE DISTRIBUICOES
241325,OFICIAL DO REGISTRO DE IMOVEIS
241330,OFICIAL DO REGISTRO DE TITULOS E DOCUMENTOS
010105,OFICIAL GENERAL DA AERONAUTICA
010115,OFICIAL GENERAL DA MARINHA
010110,OFICIAL GENERAL DO EXERCITO
215205,OFICIAL SUPERIOR DE MAQUINAS DA MARINHA MERCANTE
828105,OLEIRO (FABRICACAO DE TELHAS)
828110,OLEIRO (FABRICACAO DE TIJOLOS)
761205,OPERADOR DE ABERTURA (FIACAO)
766315,OPERADOR DE ACABAMENTO (INDUSTRIA GRAFICA)
722215,OPERADOR DE ACABAMENTO DE PECAS FUNDIDAS
821230,OPERADOR DE ACIARIA (BASCULAMENTO DE CONVERTEDOR)
821235,OPERADOR DE ACIARIA (DESSULFURACAO DE GUSA)
821240,OPERADOR DE ACIARIA (RECEBIMENTO DE GUSA)
811415,OPERADOR DE ALAMBIQUE DE FUNCIONAMENTO CONTINUO 
712110,OPERADOR DE APARELHO DE FLOTACAO
712115,OPERADOR DE APARELHO DE PRECIPITACAO (MINAS DE OURO OU PRATA)
811420,OPERADOR DE APARELHO DE REACAO E CONVERSAO
821245,OPERADOR DE AREA DE CORRIDA
342535,OPERADOR DE ATENDIMENTO AEROVIARIO
823135,OPERADOR DE ATOMIZADOR
373105,OPERADOR DE AUDIO DE CONTINUIDADE (RADIO)
823235,OPERADOR DE BANHO METALICO DE VIDRO POR FLUTUACAO
715105,OPERADOR DE BATE-ESTACAS
862115,OPERADOR DE BATERIA DE GAS DE HULHA
715405,OPERADOR DE BETONEIRA
761210,OPERADOR DE BINADEIRA
761215,OPERADOR DE BOBINADEIRA
821420,OPERADOR DE BOBINADEIRA DE TIRAS A QUENTE
715410,OPERADOR DE BOMBA DE CONCRETO
831110,OPERADOR DE BRANQUEADOR DE PASTA PARA FABRICACAO DE PAPEL
811115,OPERADOR DE BRITADEIRA (TRATAMENTOS QUIMICOS E AFINS)
811605,OPERADOR DE BRITADOR DE COQUE
712120,OPERADOR DE BRITADOR DE MANDIBULAS
821425,OPERADOR DE CABINE DE LAMINACAO (FIO-MAQUINA)
421125,OPERADOR DE CAIXA
813110,"OPERADOR DE CALANDRA (QUIMICA, PETROQUIMICA E AFINS)"
761415,OPERADOR DE CALANDRAS (TECIDOS)
811205,OPERADOR DE CALCINACAO (TRATAMENTO QUIMICO E AFINS)
862120,OPERADOR DE CALDEIRA
841456,OPERADOR DE CAMARAS FRIAS
372115,OPERADOR DE CAMERA DE TELEVISAO
711205,OPERADOR DE CAMINHAO (MINAS E PEDREIRAS)
761220,OPERADOR DE CARDAS
711210,OPERADOR DE CARREGADEIRA
811610,OPERADOR DE CARRO DE APAGAMENTO E COQUE
992215,OPERADOR DE CEIFADEIRA NA CONSERVACAO DE VIAS PERMANENTES
715415,OPERADOR DE CENTRAL DE CONCRETO
373110,OPERADOR DE CENTRAL DE RADIO
861105,OPERADOR DE CENTRAL HIDRELETRICA
861115,OPERADOR DE CENTRAL TERMOELETRICA
811305,OPERADOR DE CENTRIFUGADORA (TRATAMENTOS QUIMICOS E AFINS)
821105,OPERADOR DE CENTRO DE CONTROLE
342410,OPERADOR DE CENTRO DE CONTROLE (FERROVIA E METRO)
721405,OPERADOR DE CENTRO DE USINAGEM COM COMANDO NUMERICO
773505,OPERADOR DE CENTRO DE USINAGEM DE MADEIRA (CNC)
761420,OPERADOR DE CHAMUSCADEIRA DE TECIDOS
413230,OPERADOR DE COBRANCA BANCARIA
642005,OPERADOR DE COLHEDOR FLORESTAL
641005,OPERADOR DE COLHEITADEIRA
715110,OPERADOR DE COMPACTADORA DE SOLOS
862130,OPERADOR DE COMPRESSOR DE AR
317205,OPERADOR DE COMPUTADOR (INCLUSIVE MICROCOMPUTADOR)
811120,OPERADOR DE CONCENTRACAO
761225,OPERADOR DE CONICALEIRA
832110,OPERADOR DE CORTADEIRA DE PAPEL
841305,OPERADOR DE CRISTALIZACAO NA REFINACAO DE ACUCAR
773305,OPERADOR DE DESEMPENADEIRA NA USINAGEM CONVENCIONAL
821250,OPERADOR DE DESGASEIFICACAO
811615,OPERADOR DE DESTILACAO E SUBPRODUTOS DE COQUE
831115,OPERADOR DE DIGESTOR DE PASTA PARA FABRICACAO DE PAPEL
782210,OPERADOR DE DOCAGEM
782105,OPERADOR DE DRAGA
782220,OPERADOR DE EMPILHADEIRA
811620,OPERADOR DE ENFORNAMENTO E DESENFORNAMENTO DE COQUE
761348,OPERADOR DE ENGOMADEIRA DE URDUME
773310,OPERADOR DE ENTALHADEIRA (USINAGEM DE MADEIRA)
811425,OPERADOR DE EQUIPAMENTO DE DESTILACAO DE ALCOOL
723305,OPERADOR DE EQUIPAMENTO DE SECAGEM DE PINTURA
723115,OPERADOR DE EQUIPAMENTO PARA RESFRIAMENTO
722325,OPERADOR DE EQUIPAMENTOS DE PREPARACAO DE AREIA
841310,OPERADOR DE EQUIPAMENTOS DE REFINACAO DE ACUCAR
715115,OPERADOR DE ESCAVADEIRA
821430,OPERADOR DE ESCORIA E SUCATA
752420,OPERADOR DE ESMALTADEIRA
752425,OPERADOR DE ESPELHAMENTO
712125,OPERADOR DE ESPESSADOR
761351,OPERADOR DE ESPULADEIRA
862140,OPERADOR DE ESTACAO DE BOMBEAMENTO
862205,OPERADOR DE ESTACAO DE CAPTACAO DE AGUA
862305,OPERADOR DE ESTACAO DE TRATAMENTO DE AGUA E EFLUENTES
811430,OPERADOR DE EVAPORADOR NA DESTILACAO
811625,OPERADOR DE EXAUSTOR (COQUERIA)
811310,OPERADOR DE EXPLORACAO DE PETROLEO
373115,OPERADOR DE EXTERNA (RADIO)
841620,OPERADOR DE EXTRACAO DE CAFE SOLUVEL
813115,"OPERADOR DE EXTRUSORA (QUIMICA, PETROQUIMICA E AFINS)"
761230,OPERADOR DE FILATORIO
811315,OPERADOR DE FILTRO DE SECAGEM (MINERACAO)
811320,OPERADOR DE FILTRO DE TAMBOR ROTATIVO
811325,OPERADOR DE FILTRO-ESTEIRA (MINERACAO)
811330,OPERADOR DE FILTRO-PRENSA (TRATAMENTOS QUIMICOS E AFINS)
811335,OPERADOR DE FILTROS DE PARAFINA (TRATAMENTOS QUIMICOS E AFINS)
841805,"OPERADOR DE FORNO (FABRICACAO DE PAES, BISCOITOS E SIMILARES)"
516605,OPERADOR DE FORNO (SERVICOS FUNERARIOS)
862310,OPERADOR DE FORNO DE INCINERACAO 
723120,OPERADOR DE FORNO DE TRATAMENTO TERMICO DE METAIS
773315,OPERADOR DE FRESADORA (USINAGEM DE MADEIRA)
721410,OPERADOR DE FRESADORA COM COMANDO NUMERICO
373120,OPERADOR DE GRAVACAO DE RADIO
766320,OPERADOR DE GUILHOTINA (CORTE DE PAPEL)
782110,OPERADOR DE GUINDASTE (FIXO)
782115,OPERADOR DE GUINDASTE MOVEL
761425,OPERADOR DE IMPERMEABILIZADOR DE TECIDOS
623315,OPERADOR DE INCUBADORA
391215,OPERADOR DE INSPECAO DE QUALIDADE
862515,OPERADOR DE INSTALACAO DE AR-CONDICIONADO
862405,OPERADOR DE INSTALACAO DE EXTRACAO DE GASES
862505,OPERADOR DE INSTALACAO DE REFRIGERACAO
821435,OPERADOR DE JATO ABRASIVO
712130,OPERADOR DE JIG (MINAS)
724605,OPERADOR DE LACOS DE CABOS DE ACO
761235,OPERADOR DE LAMINADEIRA E REUNIDEIRA
821305,OPERADOR DE LAMINADOR
821310,OPERADOR DE LAMINADOR DE BARRAS A FRIO
821315,OPERADOR DE LAMINADOR DE BARRAS A QUENTE
821320,OPERADOR DE LAMINADOR DE METAIS NAO-FERROSOS
821325,OPERADOR DE LAMINADOR DE TUBOS
831120,OPERADOR DE LAVAGEM E DEPURACAO DE PASTA  DE PAPEL
731175,OPERADOR DE LINHA DE MONTAGEM (APARELHOS ELETRICOS)
731180,OPERADOR DE LINHA DE MONTAGEM (APARELHOS ELETRONICOS)
773320,OPERADOR DE LIXADEIRA (USINAGEM DE MADEIRA)
761240,OPERADOR DE MACAROQUEIRA
721415,OPERADOR DE MANDRILADORA COM COMANDO NUMERICO
773405,OPERADOR DE MAQUINA BORDATRIZ
722220,OPERADOR DE MAQUINA CENTRIFUGADORA DE FUNDICAO
415130,OPERADOR DE MAQUINA COPIADORA 
711215,OPERADOR DE MAQUINA CORTADORA (MINAS E PEDREIRAS)
715120,OPERADOR DE MAQUINA DE ABRIR VALAS
724505,OPERADOR DE MAQUINA DE CILINDRAR CHAPAS
761354,OPERADOR DE MAQUINA DE CORDOALHA
833120,OPERADOR DE MAQUINA DE CORTAR E DOBRAR PAPELAO
773410,OPERADOR DE MAQUINA DE CORTINA D¿AGUA (PRODUCAO DE MOVEIS)
763320,OPERADOR DE MAQUINA DE COSTURA DE ACABAMENTO
724510,OPERADOR DE MAQUINA DE DOBRAR CHAPAS
721205,OPERADOR DE MAQUINA DE ELETROEROSAO
784120,OPERADOR DE MAQUINA DE ENVASAR LIQUIDOS
784115,OPERADOR DE MAQUINA DE ETIQUETAR
711220,OPERADOR DE MAQUINA DE EXTRACAO CONTINUA (MINAS DE CARVAO)
811815,OPERADOR DE MAQUINA DE FABRICACAO DE COSMETICOS
811820,OPERADOR DE MAQUINA DE FABRICACAO DE PRODUTOS DE HIGIENE
842210,OPERADOR DE MAQUINA DE FABRICAR CHARUTOS E CIGARRILHAS
842305,OPERADOR DE MAQUINA DE FABRICAR CIGARROS
832120,OPERADOR DE MAQUINA DE FABRICAR PAPEL (FASE SECA)
832115,OPERADOR DE MAQUINA DE FABRICAR PAPEL (FASE UMIDA)
832125,OPERADOR DE MAQUINA DE FABRICAR PAPEL E PAPELAO
722225,OPERADOR DE MAQUINA DE FUNDIR SOB PRESSAO
761430,OPERADOR DE MAQUINA DE LAVAR FIOS E TECIDOS
722330,OPERADOR DE MAQUINA DE MOLDAR AUTOMATIZADA
811805,OPERADOR DE MAQUINA DE PRODUTOS FARMACEUTICOS
831125,OPERADOR DE MAQUINA DE SECAR CELULOSE
821110,OPERADOR DE MAQUINA DE SINTERIZAR
823240,OPERADOR DE MAQUINA DE SOPRAR VIDRO
773415,OPERADOR DE MAQUINA DE USINAGEM DE MADEIRA
773325,"OPERADOR DE MAQUINA DE USINAGEM MADEIRA, EM GERAL"
721420,"OPERADOR DE MAQUINA ELETROEROSAO, A FIO"
823245,OPERADOR DE MAQUINA EXTRUSORA DE VARETAS E TUBOS DE VIDRO
773205,OPERADOR DE MAQUINA INTERCALADORA E PLACAS (COMPENSADOS)
811110,OPERADOR DE MAQUINA MISTURADEIRA 
711225,OPERADOR DE MAQUINA PERFURADORA (MINAS E PEDREIRAS)
711230,OPERADOR DE MAQUINA PERFURATRIZ
723230,OPERADOR DE MAQUINA RECOBRIDORA DE ARAME
782120,OPERADOR DE MAQUINA RODOFERROVIARIA
641010,OPERADOR DE MAQUINAS DE BENEFICIAMENTO  AGRICOLAS
715125,OPERADOR DE MAQUINAS DE CONSTRUCAO CIVIL E MINERACAO
841815,OPERADOR DE MAQUINAS DE FABRICACAO DE CHOCOLATES 
841810,OPERADOR DE MAQUINAS DE FABRICACAO DE DOCES
773510,OPERADOR DE MAQUINAS DE USINAR MADEIRA (CNC)
762325,OPERADOR DE MAQUINAS DO ACABAMENTO DE COUROS E PELES
991115,OPERADOR DE MAQUINAS ESPECIAIS EM CONSERVACAO DE VIA 
862150,"OPERADOR DE MAQUINAS FIXAS, EM GERAL"
642010,OPERADOR DE MAQUINAS FLORESTAIS ESTATICAS
721210,OPERADOR DE MAQUINAS OPERATRIZES
721215,OPERADOR DE MAQUINAS-FERRAMENTA CONVENCIONAIS
717010,OPERADOR DE MARTELETE
412115,OPERADOR DE MENSAGENS DE TELECOMUNICACOES (CORREIOS)
841315,OPERADOR DE MOENDA NA FABRICACAO DE ACUCAR
773330,OPERADOR DE MOLDURADORA (USINAGEM DE MADEIRA)
782125,OPERADOR DE MONTA-CARGAS (CONSTRUCAO CIVIL)
821330,OPERADOR DE MONTAGEM DE CILINDROS E MANCAIS
715130,OPERADOR DE MOTONIVELADORA
711235,OPERADOR DE MOTONIVELADORA (EXTRACAO DE MINERAIS SOLIDOS)
632120,OPERADOR DE MOTOSSERRA
253225,OPERADOR DE NEGOCIOS
761245,OPERADOR DE OPEN-END
715135,OPERADOR DE PA CARREGADEIRA
811630,OPERADOR DE PAINEL DE CONTROLE
811505,OPERADOR DE PAINEL DE CONTROLE (REFINACAO DE PETROLEO)
761250,OPERADOR DE PASSADOR (FIACAO)
715140,OPERADOR DE PAVIMENTADORA 
712135,OPERADOR DE PENEIRAS HIDRAULICAS
761255,OPERADOR DE PENTEADEIRA
773335,OPERADOR DE PLAINA DESENGROSSADEIRA
782130,OPERADOR DE PONTE ROLANTE
782135,OPERADOR DE PORTICO ROLANTE
773420,OPERADOR DE PRENSA DE ALTA FREQUENCIA NA USINAGEM DE MADEIRA
833125,OPERADOR DE PRENSA DE EMBUTIR PAPELAO
784125,OPERADOR DE PRENSA DE ENFARDAMENTO
823250,OPERADOR DE PRENSA DE MOLDAR VIDRO
841460,OPERADOR DE PREPARACAO DE GRAOS VEGETAIS (OLEOS E GORDURAS)
811635,OPERADOR DE PRESERVACAO E CONTROLE TERMICO
813120,"OPERADOR DE PROCESSO (QUIMICA, PETROQUIMICA E AFINS)"
841115,OPERADOR DE PROCESSO DE MOAGEM
766150,OPERADOR DE PROCESSO DE TRATAMENTO DE IMAGEM
811005,OPERADOR DE PROCESSOS QUIMICOS E PETROQUIMICOS
813125,"OPERADOR DE PRODUCAO (QUIMICA, PETROQUIMICA E AFINS)"
374305,OPERADOR DE PROJETOR CINEMATOGRAFICO
861110,OPERADOR DE QUADRO DE DISTRIBUICAO DE ENERGIA ELETRICA
422220,OPERADOR DE RADIO-CHAMADA
761435,OPERADOR DE RAMEUSE
811640,OPERADOR DE REATOR DE COQUE DE PETROLEO
861120,OPERADOR DE REATOR NUCLEAR
832135,OPERADOR DE REBOBINADEIRA NA FABRICACAO DE PAPEL E PAPELAO
372205,OPERADOR DE REDE DE TELEPROCESSAMENTO
811645,OPERADOR DE REFRIGERACAO (COQUERIA)
862510,OPERADOR DE REFRIGERACAO COM AMONIA
721425,OPERADOR DE RETIFICADORA COM COMANDO NUMERICO
761260,OPERADOR DE RETORCEDEIRA
811010,OPERADOR DE SALA DE CONTROLE DE INSTALACOES QUIMICAS
711410,OPERADOR DE SALINA (SAL MARINHO)
711240,OPERADOR DE SCHUTTHECAR
773340,OPERADOR DE SERRAS (USINAGEM DE MADEIRA)
773110,OPERADOR DE SERRAS NO DESDOBRAMENTO DE MADEIRA
811650,OPERADOR DE SISTEMA DE REVERSAO (COQUERIA)
766145,OPERADOR DE SISTEMAS DE PROVA (ANALOGICO E DIGITAL)
711305,OPERADOR DE SONDA DE PERCUSSAO
711310,OPERADOR DE SONDA ROTATIVA
861205,OPERADOR DE SUBESTACAO
782140,OPERADOR DE TALHA ELETRICA
782630,OPERADOR DE TELEFERICO (PASSAGEIROS)
422305,OPERADOR DE TELEMARKETING ATIVO
422310,OPERADOR DE TELEMARKETING ATIVO E RECEPTIVO
422315,OPERADOR DE TELEMARKETING RECEPTIVO
422320,OPERADOR DE TELEMARKETING TECNICO
821440,OPERADOR DE TESOURA MECANICA E MAQUINA DE CORTE
725510,OPERADOR DE TIME DE MONTAGEM
773345,OPERADOR DE TORNO AUTOMATICO (USINAGEM DE MADEIRA)
721430,OPERADOR DE TORNO COM COMANDO NUMERICO
811510,OPERADOR DE TRANSFERENCIA E ESTOCAGEM
373125,OPERADOR DE TRANSMISSOR DE RADIO
342110,OPERADOR DE TRANSPORTE MULTIMODAL
841320,OPERADOR DE TRATAMENTO DE CALDA NA REFINACAO DE ACUCAR
811215,OPERADOR DE TRATAMENTO QUIMICO DE MATERIAIS RADIOATIVOS
711245,OPERADOR DE TRATOR (MINAS E PEDREIRAS)
715145,OPERADOR DE TRATOR DE LAMINA
642015,OPERADOR DE TRATOR FLORESTAL
782605,OPERADOR DE TREM DE METRO
415210,OPERADOR DE TRIAGEM E TRANSBORDO
773350,OPERADOR DE TUPIA (USINAGEM DE MADEIRA)
354810,OPERADOR DE TURISMO
761357,OPERADOR DE URDIDEIRA
721220,OPERADOR DE USINAGEM CONVENCIONAL POR ABRASAO
862155,OPERADOR DE UTILIDADE 
722230,OPERADOR DE VAZAMENTO (LINGOTAMENTO)
781305,OPERADOR DE VEICULOS SUBAQUATICOS CONTROLADOS REMOTAMENTE
723235,OPERADOR DE ZINCAGEM (PROCESSO ELETROLITICO)
954125,OPERADOR ELETROMECANICO
761005,OPERADOR POLIVALENTE DA INDUSTRIA TEXTIL
374310,OPERADOR-MANTENEDOR DE PROJETOR CINEMATOGRAFICO
354820,ORGANIZADOR DE EVENTO
239410,ORIENTADOR EDUCACIONAL
223615,ORTOPTISTA
751125,OURIVES
352415,OUVIDOR (OMBUDSMAN) DO MEIO DE COMUNICACAO
724310,OXICORTADOR A MAO E A MAQUINA
723240,OXIDADOR
848305,PADEIRO
768620,PAGINADOR
762335,PALECIONADOR DE COUROS E PELES
213430,PALEONTOLOGO
376245,PALHACO
351815,PAPILOSCOPISTA POLICIAL
516810,PARANORMAL
515115,PARTEIRA LEIGA
763325,PASSADEIRA DE PECAS CONFECCIONADAS
516325,PASSADOR DE ROUPAS EM GERAL
516415,"PASSADOR DE ROUPAS, A MAO"
761360,PASSAMANEIRO A MAQUINA
848205,PASTEURIZADOR
716515,PASTILHEIRO
341220,PATRAO DE PESCA DE ALTO-MAR
341225,PATRAO DE PESCA NA NAVEGACAO INTERIOR
239415,PEDAGOGO
516140,PEDICURE
715210,PEDREIRO
715215,PEDREIRO (CHAMINES INDUSTRIAIS)
715220,PEDREIRO (MATERIAL REFRATARIO)
715225,PEDREIRO (MINERACAO)
992220,PEDREIRO DE CONSERVACAO DE VIAS PERMANENTES
715230,PEDREIRO DE EDIFICACOES
325015,PERFUMISTA
252215,PERITO CONTABIL
204105,PERITO CRIMINAL
631105,PESCADOR ARTESANAL DE AGUA DOCE
631015,PESCADOR ARTESANAL DE LAGOSTAS
631020,PESCADOR ARTESANAL DE PEIXES E CAMAROES
631205,PESCADOR INDUSTRIAL
631210,PESCADOR PROFISSIONAL
203305,PESQUISADOR DE CLINICA MEDICA
203205,PESQUISADOR DE ENGENHARIA CIVIL
203210,PESQUISADOR DE ENGENHARIA E TECNOLOGIA 
203215,PESQUISADOR DE ENGENHARIA ELETRICA E ELETRONICA
203220,PESQUISADOR DE ENGENHARIA MECANICA
203225,"PESQUISADOR DE ENGENHARIA METALURGICA, DE MINAS E DE MATERIAIS"
203230,PESQUISADOR DE ENGENHARIA QUIMICA
203310,PESQUISADOR DE MEDICINA BASICA
203005,PESQUISADOR EM BIOLOGIA AMBIENTAL
203010,PESQUISADOR EM BIOLOGIA ANIMAL
203015,PESQUISADOR EM BIOLOGIA DE MICROORGANISMOS E PARASITAS
203020,PESQUISADOR EM BIOLOGIA HUMANA
203025,PESQUISADOR EM BIOLOGIA VEGETAL
203405,PESQUISADOR EM CIENCIAS AGRONOMICAS
203105,PESQUISADOR EM CIENCIAS DA COMPUTACAO E INFORMATICA
203515,PESQUISADOR EM CIENCIAS DA EDUCACAO
203410,PESQUISADOR EM CIENCIAS DA PESCA E AQUICULTURA
203110,PESQUISADOR EM CIENCIAS DA TERRA E MEIO AMBIENTE
203415,PESQUISADOR EM CIENCIAS DA ZOOTECNIA
203420,PESQUISADOR EM CIENCIAS FLORESTAIS
203505,PESQUISADOR EM CIENCIAS SOCIAIS E HUMANAS
203510,PESQUISADOR EM ECONOMIA
203115,PESQUISADOR EM FISICA
203520,PESQUISADOR EM HISTORIA
203120,PESQUISADOR EM MATEMATICA
203315,PESQUISADOR EM MEDICINA VETERINARIA
201205,PESQUISADOR EM METROLOGIA
203525,PESQUISADOR EM PSICOLOGIA
203125,PESQUISADOR EM QUIMICA
203320,PESQUISADOR EM SAUDE COLETIVA
213435,PETROGRAFO
761366,PICOTADOR DE CARTOES JACQUARD
341120,PILOTO AGRICOLA
341105,PILOTO COMERCIAL (EXCETO LINHAS AEREAS)
341110,PILOTO COMERCIAL DE HELICOPTERO (EXCETO LINHAS AEREAS)
215305,PILOTO DE AERONAVES
377135,PILOTO DE COMPETICAO AUTOMOBILISTICA
215310,PILOTO DE ENSAIOS EM VOO
341230,PILOTO FLUVIAL
723310,PINTOR A PINCEL E ROLO (EXCETO OBRAS E ESTRUTURAS METALICAS)
752430,"PINTOR DE CERAMICA, A PINCEL"
723315,PINTOR DE ESTRUTURAS METALICAS
768625,PINTOR DE LETREIROS
716610,PINTOR DE OBRAS
723320,PINTOR DE VEICULOS (FABRICACAO)
991315,PINTOR DE VEICULOS (REPARACAO)
723325,PINTOR POR IMERSAO
723330,"PINTOR, A PISTOLA (EXCETO OBRAS E ESTRUTURAS METALICAS)"
524310,PIPOQUEIRO AMBULANTE
812105,PIROTECNICO
391120,PLANEJISTA
711325,PLATAFORMISTA (PETROLEO)
717015,POCEIRO (EDIFICACOES)
322110,PODOLOGO
261525,POETA
517210,POLICIAL RODOVIARIO FEDERAL
721325,POLIDOR DE METAIS
712220,POLIDOR DE PEDRAS
517405,PORTEIRO (HOTEL)
517410,PORTEIRO DE EDIFICIOS
517415,PORTEIRO DE LOCAIS DE DIVERSAO
010305,PRACA DA AERONAUTICA
010315,PRACA DA MARINHA
010310,PRACA DO EXERCITO
215145,PRATICO DE PORTOS DA MARINHA MERCANTE
111250,PREFEITO
762330,PRENSADOR DE COUROS E PELES
841464,PRENSADOR DE FRUTAS (EXCETO OLEAGINOSAS)
724515,PRENSISTA (OPERADOR DE PRENSA)
773210,PRENSISTA DE AGLOMERADOS
773215,PRENSISTA DE COMPENSADOS
823130,PREPARADOR DE ADITIVOS
773220,PREPARADOR DE AGLOMERANTES
224115,PREPARADOR DE ATLETA
823120,PREPARADOR DE BARBOTINA
764115,PREPARADOR DE CALCADOS
762340,PREPARADOR DE COUROS CURTIDOS
823125,PREPARADOR DE ESMALTES (CERAMICA)
724220,PREPARADOR DE ESTRUTURAS METALICAS
842205,PREPARADOR DE FUMO NA FABRICACAO DE CHARUTOS
721225,PREPARADOR DE MAQUINAS-FERRAMENTA
823105,PREPARADOR DE MASSA (FABRICACAO DE ABRASIVOS)
823110,PREPARADOR DE MASSA (FABRICACAO DE VIDRO)
823115,PREPARADOR DE MASSA DE ARGILA
766325,PREPARADOR DE MATRIZES DE CORTE E VINCO
842105,PREPARADOR DE MELADO E ESSENCIA DE FUMO
722235,PREPARADOR DE PANELAS (LINGOTAMENTO)
841468,PREPARADOR DE RACOES
764120,PREPARADOR DE SOLAS E PALMILHAS
821445,PREPARADOR DE SUCATA E APARAS
311715,PREPARADOR DE TINTAS
311720,PREPARADOR DE TINTAS (FABRICA DE TECIDOS)
224120,PREPARADOR FISICO
111205,PRESIDENTE DA REPUBLICA
999995,PRESIDIARIO
215210,PRIMEIRO OFICIAL DE MAQUINAS DA MARINHA MERCANTE
020305,PRIMEIRO TENENTE DE POLICIA MILITAR
842110,PROCESSADOR DE FUMO
241210,PROCURADOR AUTARQUICO
242410,PROCURADOR DA ASSISTENCIA JUDICIARIA
241215,PROCURADOR DA FAZENDA NACIONAL
242205,PROCURADOR DA REPUBLICA
242210,PROCURADOR DE JUSTICA
242215,PROCURADOR DE JUSTICA MILITAR
241220,PROCURADOR DO ESTADO
241225,PROCURADOR DO MUNICIPIO
242220,PROCURADOR DO TRABALHO
241230,PROCURADOR FEDERAL
241235,PROCURADOR FUNDACIONAL
242225,PROCURADOR REGIONAL DA REPUBLICA
242230,PROCURADOR REGIONAL DO TRABALHO
612005,PRODUTOR AGRICOLA POLIVALENTE
611005,"PRODUTOR AGROPECUARIO, EM GERAL"
262110,PRODUTOR CINEMATOGRAFICO
612705,PRODUTOR DA CULTURA DE AMENDOIM
612710,PRODUTOR DA CULTURA DE CANOLA
612715,PRODUTOR DA CULTURA DE COCO-DA-BAIA
612720,PRODUTOR DA CULTURA DE DENDE
612725,PRODUTOR DA CULTURA DE GIRASSOL
612730,PRODUTOR DA CULTURA DE LINHO
612735,PRODUTOR DA CULTURA DE MAMONA
612740,PRODUTOR DA CULTURA DE SOJA
612205,PRODUTOR DE ALGODAO
612105,PRODUTOR DE ARROZ
612505,PRODUTOR DE ARVORES FRUTIFERAS
612610,PRODUTOR DE CACAU
612110,PRODUTOR DE CANA-DE-ACUCAR
612115,PRODUTOR DE CEREAIS DE INVERNO
612210,PRODUTOR DE CURAUA
612615,PRODUTOR DE ERVA-MATE
612805,PRODUTOR DE ESPECIARIAS
612510,PRODUTOR DE ESPECIES FRUTIFERAS RASTEIRAS
612515,PRODUTOR DE ESPECIES FRUTIFERAS TREPADEIRAS
612405,PRODUTOR DE FLORES DE CORTE
612410,PRODUTOR DE FLORES EM VASO
612415,PRODUTOR DE FORRACOES
612620,PRODUTOR DE FUMO
612120,PRODUTOR DE GRAMINEAS FORRAGEIRAS
612625,PRODUTOR DE GUARANA
612215,PRODUTOR DE JUTA
612125,PRODUTOR DE MILHO E SORGO
612810,PRODUTOR DE PLANTAS AROMATICAS E MEDICINAIS
612420,PRODUTOR DE PLANTAS ORNAMENTAIS
262115,PRODUTOR DE RADIO
612220,PRODUTOR DE RAMI
612225,PRODUTOR DE SISAL
262120,PRODUTOR DE TEATRO
262125,PRODUTOR DE TELEVISAO
261130,PRODUTOR DE TEXTO
612320,PRODUTOR NA OLERICULTURA DE FRUTOS E SEMENTES
612305,PRODUTOR NA OLERICULTURA DE LEGUMES
612310,"PRODUTOR NA OLERICULTURA DE RAIZES, BULBOS E TUBERCULOS"
612315,"PRODUTOR NA OLERICULTURA DE TALOS, FOLHAS E FLORES"
631415,PROEIRO
233105,PROFESSOR DA AREA DE MEIO AMBIENTE
231205,PROFESSOR DA EDUCACAO DO ENSINO FUNDAMENTAL 
234810,PROFESSOR DE ADMINISTRACAO
239205,PROFESSOR DE ALUNOS COM DEFICIENCIA AUDITIVA E SURDOS
239210,PROFESSOR DE ALUNOS COM DEFICIENCIA FISICA
239215,PROFESSOR DE ALUNOS COM DEFICIENCIA MENTAL
239220,PROFESSOR DE ALUNOS COM DEFICIENCIA MULTIPLA
239225,PROFESSOR DE ALUNOS COM DEFICIENCIA VISUAL
234705,PROFESSOR DE ANTROPOLOGIA DO ENSINO SUPERIOR
233215,PROFESSOR DE APRENDIZAGEM E TREINAMENTO COMERCIAL
234305,PROFESSOR DE ARQUITETURA
234710,PROFESSOR DE ARQUIVOLOGIA DO ENSINO SUPERIOR
234905,PROFESSOR DE ARTES DO ESPETACULO NO ENSINO SUPERIOR
232105,PROFESSOR DE ARTES NO ENSINO MEDIO
234910,PROFESSOR DE ARTES VISUAIS NO ENSINO SUPERIOR (ARTES PLASTICAS E MULTIMIDIA)
234215,PROFESSOR DE ASTRONOMIA (ENSINO SUPERIOR)
234715,PROFESSOR DE BIBLIOTECONOMIA DO ENSIO SUPERIOR
232110,PROFESSOR DE BIOLOGIA NO ENSINO MEDIO
234720,PROFESSOR DE CIENCIA POLITICA DO ENSINO SUPERIOR
234405,PROFESSOR DE CIENCIAS BIOLOGICAS DO ENSINO SUPERIOR
231305,PROFESSOR DE CIENCIAS EXATAS E NATURAIS DO ENSINO FUNDAMENTAL
234120,PROFESSOR DE COMPUTACAO (NO ENSINO SUPERIOR)
234725,PROFESSOR DE COMUNICACAO SOCIAL DO ENSINO SUPERIOR
234815,PROFESSOR DE CONTABILIDADE
262830,PROFESSOR DE DANCA
233110,PROFESSOR DE DESENHO TECNICO
234730,PROFESSOR DE DIREITO DO ENSINO SUPERIOR
232115,PROFESSOR DE DISCIPLINAS PEDAGOGICAS NO ENSINO MEDIO
234805,PROFESSOR DE ECONOMIA
231310,PROFESSOR DE EDUCACAO ARTISTICA DO ENSINO FUNDAMENTAL
231315,PROFESSOR DE EDUCACAO FISICA DO ENSINO FUNDAMENTAL
232120,PROFESSOR DE EDUCACAO FISICA NO ENSINO MEDIO
234410,PROFESSOR DE EDUCACAO FISICA NO ENSINO SUPERIOR
234415,PROFESSOR DE ENFERMAGEM DO ENSINO SUPERIOR
234310,PROFESSOR DE ENGENHARIA
234505,PROFESSOR DE ENSINO SUPERIOR NA AREA DE DIDATICA
234510,PROFESSOR DE ENSINO SUPERIOR NA AREA DE ORIENTACAO EDUCACIONAL
234515,PROFESSOR DE ENSINO SUPERIOR NA AREA DE PESQUISA EDUCACIONAL
234520,PROFESSOR DE ENSINO SUPERIOR NA AREA DE PRATICA DE ENSINO
234115,PROFESSOR DE ESTATISTICA (NO ENSINO SUPERIOR)
234420,PROFESSOR DE FARMACIA E BIOQUIMICA
234676,PROFESSOR DE FILOLOGIA E CRITICA TEXTUAL
234735,PROFESSOR DE FILOSOFIA DO ENSINO SUPERIOR
232125,PROFESSOR DE FILOSOFIA NO ENSINO MEDIO
234205,PROFESSOR DE FISICA (ENSINO SUPERIOR)
232130,PROFESSOR DE FISICA NO ENSINO MEDIO
234425,PROFESSOR DE FISIOTERAPIA
234430,PROFESSOR DE FONOAUDIOLOGIA
234315,PROFESSOR DE GEOFISICA
231320,PROFESSOR DE GEOGRAFIA DO ENSINO FUNDAMENTAL
234740,PROFESSOR DE GEOGRAFIA DO ENSINO SUPERIOR
232135,PROFESSOR DE GEOGRAFIA NO ENSINO MEDIO
234320,PROFESSOR DE GEOLOGIA
231325,PROFESSOR DE HISTORIA DO ENSINO FUNDAMENTAL
234745,PROFESSOR DE HISTORIA DO ENSINO SUPERIOR
232140,PROFESSOR DE HISTORIA NO ENSINO MEDIO
234750,PROFESSOR DE JORNALISMO
234604,PROFESSOR DE LINGUA ALEMA
232145,PROFESSOR DE LINGUA E LITERATURA BRASILEIRA NO ENSINO MEDIO
234620,PROFESSOR DE LINGUA ESPANHOLA
231330,PROFESSOR DE LINGUA ESTRANGEIRA DO ENSINO FUNDAMENTAL
232150,PROFESSOR DE LINGUA ESTRANGEIRA MODERNA NO ENSINO MEDIO
234612,PROFESSOR DE LINGUA FRANCESA
234616,PROFESSOR DE LINGUA INGLESA
234608,PROFESSOR DE LINGUA ITALIANA
234624,PROFESSOR DE LINGUA PORTUGUESA
231335,PROFESSOR DE LINGUA PORTUGUESA DO ENSINO FUNDAMENTAL
234668,PROFESSOR DE LINGUAS ESTRANGEIRAS MODERNAS
234672,PROFESSOR DE LINGUISTICA E LINGUISTICA APLICADA
234636,PROFESSOR DE LITERATURA ALEMA
234628,PROFESSOR DE LITERATURA BRASILEIRA
234640,PROFESSOR DE LITERATURA COMPARADA
234660,PROFESSOR DE LITERATURA DE LINGUAS ESTRANGEIRAS MODERNAS
234644,PROFESSOR DE LITERATURA ESPANHOLA
234648,PROFESSOR DE LITERATURA FRANCESA
234652,PROFESSOR DE LITERATURA INGLESA
234656,PROFESSOR DE LITERATURA ITALIANA
234632,PROFESSOR DE LITERATURA PORTUGUESA
234105,PROFESSOR DE MATEMATICA APLICADA (NO ENSINO SUPERIOR)
231340,PROFESSOR DE MATEMATICA DO ENSINO FUNDAMENTAL
232155,PROFESSOR DE MATEMATICA NO ENSINO MEDIO
234110,PROFESSOR DE MATEMATICA PURA (NO ENSINO SUPERIOR)
234435,PROFESSOR DE MEDICINA
234440,PROFESSOR DE MEDICINA VETERINARIA
234755,PROFESSOR DE MUSEOLOGIA DO ENSINO SUPERIOR
234915,PROFESSOR DE MUSICA NO ENSINO SUPERIOR
331105,PROFESSOR DE NIVEL MEDIO NA EDUCACAO INFANTIL
331205,PROFESSOR DE NIVEL MEDIO NO ENSINO FUNDAMENTAL
331305,PROFESSOR DE NIVEL MEDIO NO ENSINO PROFISSIONALIZANTE
231210,PROFESSOR DE NIVEL SUPERIOR DO ENSINO FUNDAMENTAL
231105,PROFESSOR DE NIVEL SUPERIOR NA EDUCACAO INFANTIL
231110,PROFESSOR DE NIVEL SUPERIOR NA EDUCACAO INFANTIL (ZERO A TRES ANOS)
234445,PROFESSOR DE NUTRICAO
234450,PROFESSOR DE ODONTOLOGIA
234664,PROFESSOR DE OUTRAS LINGUAS E LITERATURAS
234125,PROFESSOR DE PESQUISA OPERACIONAL (NO ENSINO SUPERIOR)
234760,PROFESSOR DE PSICOLOGIA DO ENSINO SUPERIOR
232160,PROFESSOR DE PSICOLOGIA NO ENSINO MEDIO
234210,PROFESSOR DE QUIMICA (ENSINO SUPERIOR)
232165,PROFESSOR DE QUIMICA NO ENSINO MEDIO
234680,PROFESSOR DE SEMIOTICA
234765,PROFESSOR DE SERVICO SOCIAL DO ENSINO SUPERIOR
234770,PROFESSOR DE SOCIOLOGIA DO ENSINO SUPERIOR
232170,PROFESSOR DE SOCIOLOGIA NO ENSINO MEDIO
233115,PROFESSOR DE TECNICAS AGRICOLAS
233120,PROFESSOR DE TECNICAS COMERCIAIS E SECRETARIAIS
233125,PROFESSOR DE TECNICAS DE ENFERMAGEM
239420,PROFESSOR DE TECNICAS E RECURSOS AUDIOVISUAIS
233130,PROFESSOR DE TECNICAS INDUSTRIAIS
233135,PROFESSOR DE TECNOLOGIA E CALCULO TECNICO
234684,PROFESSOR DE TEORIA DA LITERATURA
234455,PROFESSOR DE TERAPIA OCUPACIONAL
234460,PROFESSOR DE ZOOTECNIA DO ENSINO SUPERIOR
233220,PROFESSOR INSTRUTOR DE ENSINO E APRENDIZAGEM AGROFLORESTAL
233225,PROFESSOR INSTRUTOR DE ENSINO E APRENDIZAGEM EM SERVICOS
332105,PROFESSOR LEIGO NO ENSINO FUNDAMENTAL
332205,PROFESSOR PRATICO NO ENSINO PROFISSIONALIZANTE
333115,PROFESSORES DE CURSOS LIVRES
377140,PROFISSIONAL DE ATLETISMO
519805,PROFISSIONAL DO SEXO
317105,PROGRAMADOR DE INTERNET
317115,PROGRAMADOR DE MAQUINAS COM COMANDO NUMERICO
317120,PROGRAMADOR DE MULTIMIDIA
317110,PROGRAMADOR DE SISTEMAS DE INFORMACAO
766155,PROGRAMADOR VISUAL GRAFICO
318805,PROJETISTA DE MOVEIS
374135,PROJETISTA DE SISTEMAS DE AUDIO
374120,PROJETISTA DE SOM
242235,PROMOTOR DE JUSTICA
521115,PROMOTOR DE VENDAS
354130,PROMOTOR DE VENDAS ESPECIALIZADO
322410,PROTETICO DENTARIO
251550,PSICANALISTA
251510,PSICOLOGO CLINICO
251515,PSICOLOGO DO ESPORTE
251540,PSICOLOGO DO TRABALHO
251535,PSICOLOGO DO TRANSITO
251505,PSICOLOGO EDUCACIONAL
251520,PSICOLOGO HOSPITALAR
251525,PSICOLOGO JURIDICO
251530,PSICOLOGO SOCIAL
239425,PSICOPEDAGOGO
377145,PUGILISTA
848210,QUEIJEIRO NA FABRICACAO DE LATICINIO
213205,QUIMICO
213210,QUIMICO INDUSTRIAL
322115,QUIROPRAXISTA
762125,RACHADOR DE COUROS E PELES
372210,RADIOTELEGRAFISTA
632010,RAIZEIRO
762220,REBAIXADOR DE COUROS
821450,REBARBADOR DE METAL
724215,REBITADOR A MARTELO PNEUMATICO
724230,"REBITADOR, A MAO"
421205,RECEBEDOR DE APOSTAS (LOTERIA)
421210,RECEBEDOR DE APOSTAS (TURFE)
422125,RECEPCIONISTA DE BANCO
519945,RECEPCIONISTA DE CASAS DE ESPETACULOS
422110,RECEPCIONISTA DE CONSULTORIO MEDICO OU DENTARIO
422120,RECEPCIONISTA DE HOTEL
422115,RECEPCIONISTA DE SEGURO SAUDE
422105,"RECEPCIONISTA, EM GERAL"
371410,RECREADOR
371405,RECREADOR DE ACANTONAMENTO
821335,RECUPERADOR DE GUIAS E CILINDROS
253110,REDATOR DE PUBLICIDADE
261530,REDATOR DE TEXTOS TECNICOS
768120,REDEIRO
631420,REDEIRO (PESCA)
841472,REFINADOR DE OLEO E GORDURA
841210,REFINADOR DE SAL
253105,RELACOES PUBLICAS
741120,RELOJOEIRO (FABRICACAO)
741125,RELOJOEIRO (REPARACAO)
761363,REMETEDOR DE FIOS
731330,REPARADOR DE APARELHOS DE TELECOMUNICACOES EM LABORATORIO
954205,REPARADOR DE APARELHOS ELETRODOMESTICOS 
954305,REPARADOR DE EQUIPAMENTOS DE ESCRITORIO
915405,REPARADOR DE EQUIPAMENTOS FOTOGRAFICOS
915210,REPARADOR DE INSTRUMENTOS MUSICAIS
954210,"REPARADOR DE RADIO, TV E SOM"
261135,REPORTER (EXCLUSIVE RADIO E TELEVISAO)
261730,REPORTER DE RADIO E TELEVISAO
521125,REPOSITOR DE MERCADORIAS
261820,REPOTER FOTOGRAFICO
354705,REPRESENTANTE COMERCIAL AUTONOMO
915205,RESTAURADOR DE INSTRUMENTOS MUSICAIS (EXCETO CORDAS ARCADAS)
768710,RESTAURADOR DE LIVROS
848525,RETALHADOR DE CARNE
766415,"REVELADOR DE FILMES FOTOGRAFICOS, EM CORES"
766410,"REVELADOR DE FILMES FOTOGRAFICOS, EM PRETO E BRANCO"
716615,REVESTIDOR DE INTERIORES 
716110,REVESTIDOR DE SUPERFICIES DE CONCRETO
261140,REVISOR
761810,REVISOR DE FIOS (PRODUCAO TEXTIL)
761815,REVISOR DE TECIDOS ACABADOS
761820,REVISOR DE TECIDOS CRUS
724225,RISCADOR DE ESTRUTURAS METALICAS
763120,RISCADOR DE ROUPAS
514115,SACRISTAO
848110,SALGADOR DE ALIMENTOS
848115,"SALSICHEIRO (FABRICACAO DE LINGUICA, SALSICHA)"
517115,SALVA-VIDAS
768320,SAPATEIRO (CALCADOS SOB MEDIDA)
031110,SARGENTO BOMBEIRO MILITAR
021110,SARGENTO DA POLICIA MILITAR
772115,SECADOR DE MADEIRA
252305,SECRETARIA EXECUTIVA
252315,SECRETARIA TRILINGUE
111220,SECRETARIO - EXECUTIVO
252310,SECRETARIO BILINGUE
215215,SEGUNDO OFICIAL DE MAQUINAS DA MARINHA MERCANTE
020310,SEGUNDO TENENTE DE POLICIA MILITAR
768325,SELEIRO
111105,SENADOR
516610,SEPULTADOR
613420,SERICULTOR
632205,SERINGUEIRO
773115,SERRADOR DE BORDAS NO DESDOBRAMENTO DE MADEIRA
773120,SERRADOR DE MADEIRA
773125,SERRADOR DE MADEIRA (SERRA CIRCULAR MULTIPLA)
773130,SERRADOR DE MADEIRA (SERRA DE FITA MULTIPLA)
724440,SERRALHEIRO
717020,SERVENTE DE OBRAS
623325,SEXADOR
782145,SINALEIRO (PONTE-ROLANTE)
251120,SOCIOLOGO
031210,SOLDADO BOMBEIRO MILITAR
021210,SOLDADO DA POLICIA MILITAR
724315,SOLDADOR
724320,SOLDADOR A OXIGAS
991120,SOLDADOR ALUMINOTERMICO EM CONSERVACAO DE TRILHOS
724325,SOLDADOR ELETRICO
711315,SONDADOR (POCOS DE PETROLEO E GAS)
711320,SONDADOR DE POCOS (EXCETO DE PETROLEO E GAS)
821255,SOPRADOR DE CONVERTEDOR
752115,SOPRADOR DE VIDRO
242240,SUBPROCURADOR DE JUSTICA MILITAR
242245,SUBPROCURADOR-GERAL DA REPUBLICA
242250,SUBPROCURADOR-GERAL DO TRABALHO
031105,SUBTENENTE BOMBEIRO MILITAR
021105,SUBTENENTE DA POLICIA MILITAR
215220,SUPERINTENDENTE TECNICO NO TRANSPORTE AQUAVIARIO
760405,SUPERVISOR (INDUSTRIA DE CALCADOS E ARTEFATOS DE COURO)
410105,SUPERVISOR ADMINISTRATIVO
342540,SUPERVISOR DA ADMINISTRACAO DE AEROPORTOS
630105,SUPERVISOR DA AQUICULTURA
630110,SUPERVISOR DA AREA FLORESTAL
760505,"SUPERVISOR DA CONFECCAO DE ARTEFATOS DE TECIDOS, COUROS E AFINS"
840110,SUPERVISOR DA INDUSTRIA DE BEBIDAS
840115,SUPERVISOR DA INDUSTRIA DE FUMO
750205,SUPERVISOR DA INDUSTRIA DE MINERAIS NAO METALICOS 
910205,SUPERVISOR DA MANUTENCAO E REPARACAO DE VEICULOS LEVES
910210,SUPERVISOR DA MANUTENCAO E REPARACAO DE VEICULOS PESADOS
740105,SUPERVISOR DA MECANICA DE PRECISAO
760605,SUPERVISOR DAS ARTES GRAFICAS (INDUSTRIA EDITORIAL E GRAFICA)
410205,SUPERVISOR DE ALMOXARIFADO
510115,SUPERVISOR DE ANDAR
710105,SUPERVISOR DE APOIO OPERACIONAL NA MINERACAO
510305,SUPERVISOR DE BOMBEIROS
420105,SUPERVISOR DE CAIXAS E BILHETEIROS (EXCETO CAIXA DE BANCO)
410210,SUPERVISOR DE CAMBIO
342315,SUPERVISOR DE CARGA E DESCARGA
420110,SUPERVISOR DE COBRANCA
420115,SUPERVISOR DE COLETADORES DE APOSTAS E DE JOGOS
354210,SUPERVISOR DE COMPRAS
410215,SUPERVISOR DE CONTAS A PAGAR
720160,SUPERVISOR DE CONTROLE DE TRATAMENTO TERMICO
410220,SUPERVISOR DE CONTROLE PATRIMONIAL
410225,SUPERVISOR DE CREDITO E COBRANCA
760205,SUPERVISOR DE CURTIMENTO
412120,SUPERVISOR DE DIGITACAO E OPERACAO
780105,SUPERVISOR DE EMBALAGEM E ETIQUETAGEM
342545,SUPERVISOR DE EMPRESA AEREA EM AEROPORTOS
239430,SUPERVISOR DE ENSINO
420120,SUPERVISOR DE ENTREVISTADORES E RECENSEADORES
620105,SUPERVISOR DE EXPLORACAO AGRICOLA
620110,SUPERVISOR DE EXPLORACAO AGROPECUARIA
620115,SUPERVISOR DE EXPLORACAO PECUARIA
710110,SUPERVISOR DE EXTRACAO DE SAL
740110,SUPERVISOR DE FABRICACAO DE INSTRUMENTOS MUSICAIS
820205,SUPERVISOR DE FABRICACAO DE PRODUTOS CERAMICOS
820210,SUPERVISOR DE FABRICACAO DE PRODUTOS DE VIDRO
750105,SUPERVISOR DE JOALHERIA
510205,SUPERVISOR DE LAVANDERIA
860105,SUPERVISOR DE MANUTENCAO (ELETROMECANICA)
910110,SUPERVISOR DE MANUTENCAO DE APARELHOS TERMICOS
910115,SUPERVISOR DE MANUTENCAO DE BOMBAS E MOTORES
910120,SUPERVISOR DE MANUTENCAO DE MAQUINAS GRAFICAS
910125,SUPERVISOR DE MANUTENCAO DE MAQUINAS INDUSTRIAIS TEXTEIS
910130,SUPERVISOR DE MANUTENCAO DE MAQUINAS OPERATRIZES
910910,SUPERVISOR DE MANUTENCAO DE VIAS FERREAS
950105,SUPERVISOR DE MANUTENCAO ELETRICA DE ALTA TENSAO INDUSTRIAL
950305,SUPERVISOR DE MANUTENCAO ELETROMECANICA
950110,SUPERVISOR DE MANUTENCAO ELETROMECANICA INDUSTRIAL
730105,SUPERVISOR DE MONTAGEM E INSTALACAO ELETROELETRONICA
860110,SUPERVISOR DE OPERACAO DE FLUIDOS 
860115,SUPERVISOR DE OPERACAO ELETRICA 
342610,SUPERVISOR DE OPERACOES PORTUARIAS
410230,SUPERVISOR DE ORCAMENTO
710115,SUPERVISOR DE PERFURACAO E DESMONTE
840105,SUPERVISOR DE PRODUCAO DA INDUSTRIA ALIMENTICIA
710120,SUPERVISOR DE PRODUCAO NA MINERACAO
420125,SUPERVISOR DE RECEPCIONISTAS
910905,SUPERVISOR DE REPAROS LINHAS FERREAS
420130,SUPERVISOR DE TELEFONISTAS
420135,SUPERVISOR DE TELEMARKETING E ATENDIMENTO
410235,SUPERVISOR DE TESOURARIA
710125,SUPERVISOR DE TRANSPORTE NA MINERACAO
510105,SUPERVISOR DE TRANSPORTES
710220,SUPERVISOR DE USINA DE CONCRETO
520110,SUPERVISOR DE VENDAS COMERCIAL
520105,SUPERVISOR DE VENDAS DE SERVICOS
510310,SUPERVISOR DE VIGILANTES
373220,SUPERVISOR TECNICO OPERACIONAL DE SISTEMAS DE TELEVISAO
752235,SURFASSAGISTA
241335,TABELIAO DE NOTAS
241340,TABELIAO DE PROTESTOS
511115,TAIFEIRO
771120,TANOEIRO
716535,TAQUEIRO
351510,TAQUIGRAFO
328110,TAXIDERMISTA
761303,TECELAO (REDES)
761306,TECELAO (RENDAS E BORDADOS)
761309,TECELAO (TEAR AUTOMATICO)
761312,TECELAO (TEAR JACQUARD)
768105,TECELAO (TEAR MANUAL)
761315,TECELAO (TEAR MECANICO DE MAQUINETA)
761318,TECELAO (TEAR MECANICO DE XADREZ)
761321,TECELAO (TEAR MECANICO LISO)
761324,"TECELAO (TEAR MECANICO, EXCETO JACQUARD)"
761330,TECELAO DE MALHAS (MAQUINA CIRCULAR)
761333,TECELAO DE MALHAS (MAQUINA RETILINEA)
761327,"TECELAO DE MALHAS, A MAQUINA"
761339,TECELAO DE MEIAS (MAQUINA CIRCULAR)
761342,TECELAO DE MEIAS (MAQUINA RETILINEA)
761336,"TECELAO DE MEIAS, A MAQUINA"
768110,"TECELAO DE TAPETES, A MAO"
761345,"TECELAO DE TAPETES, A MAQUINA"
321105,TECNICO AGRICOLA
321110,TECNICO AGROPECUARIO
254110,TECNICO DA RECEITA FEDERAL
314705,TECNICO DE ACABAMENTO EM SIDERURGIA
314710,TECNICO DE ACIARIA EM SIDERURGIA
325205,TECNICO DE ALIMENTOS
301205,TECNICO DE APOIO A BIOENGENHARIA
317210,TECNICO DE APOIO AO USUARIO DE INFORMATICA (HELPDESK)
395105,TECNICO DE APOIO EM PESQUISA E DESENVOLVIMENTO
395110,TECNICO DE APOIO EM PESQUISA E DESENVOLVIMENTO AGROPECUARIO 
311110,TECNICO DE CELULOSE E PAPEL
313305,TECNICO DE COMUNICACAO DE DADOS
351105,TECNICO DE CONTABILIDADE
311505,TECNICO DE CONTROLE DE MEIO AMBIENTE
224125,TECNICO DE DESPORTO INDIVIDUAL E COLETIVO (EXCETO FUTEBOL)
322205,TECNICO DE ENFERMAGEM
322210,TECNICO DE ENFERMAGEM DE TERAPIA INTENSIVA
322215,TECNICO DE ENFERMAGEM DO TRABALHO
322220,TECNICO DE ENFERMAGEM PSIQUIATRICA
312205,TECNICO DE ESTRADAS
314715,TECNICO DE FUNDICAO EM SIDERURGIA
391210,TECNICO DE GARANTIA DA QUALIDADE
322605,TECNICO DE IMOBILIZACAO ORTOPEDICA
301110,TECNICO DE LABORATORIO DE ANALISES FISICO-QUIMICAS
224130,TECNICO DE LABORATORIO E FISCALIZACAO DESPORTIVA
301105,TECNICO DE LABORATORIO INDUSTRIAL
314720,TECNICO DE LAMINACAO EM SIDERURGIA
314405,TECNICO DE MANUTENCAO DE SISTEMAS E INSTRUMENTOS
313120,TECNICO DE MANUTENCAO ELETRICA
313125,TECNICO DE MANUTENCAO ELETRICA DE MAQUINA
313205,TECNICO DE MANUTENCAO ELETRONICA
313210,TECNICO DE MANUTENCAO ELETRONICA 
391135,TECNICO DE MATERIA-PRIMA E MATERIAL
311510,TECNICO DE METEOROLOGIA
316305,TECNICO DE MINERACAO
316310,TECNICO DE MINERACAO (OLEO E PETROLEO)
312105,TECNICO DE OBRAS CIVIS
813130,"TECNICO DE OPERACAO (QUIMICA, PETROQUIMICA E AFINS)"
353205,TECNICO DE OPERACOES E SERVICOS BANCARIOS - CAMBIO
353210,TECNICO DE OPERACOES E SERVICOS BANCARIOS - CREDITO IMOBILIARIO
353215,TECNICO DE OPERACOES E SERVICOS BANCARIOS - CREDITO RURAL
353220,TECNICO DE OPERACOES E SERVICOS BANCARIOS - LEASING
353225,TECNICO DE OPERACOES E SERVICOS BANCARIOS - RENDA FIXA E VARIAVEL
322505,TECNICO DE ORTOPEDIA
391220,TECNICO DE PAINEL DE CONTROLE
391125,TECNICO DE PLANEJAMENTO DE PRODUCAO
391130,TECNICO DE PLANEJAMENTO E PROGRAMACAO DA MANUTENCAO
316325,TECNICO DE PRODUCAO EM REFINO DE PETROLEO
313310,TECNICO DE REDE (TELECOMUNICACOES)
314725,TECNICO DE REDUCAO NA SIDERURGIA (PRIMEIRA FUSAO)
314730,TECNICO DE REFRATARIO EM SIDERURGIA
351735,TECNICO DE RESSEGUROS
312210,TECNICO DE SANEAMENTO
351740,TECNICO DE SEGUROS
313315,TECNICO DE TELECOMUNICACOES (TELEFONIA)
313320,TECNICO DE TRANSMISSAO (TELECOMUNICACOES)
254415,TECNICO DE TRIBUTOS ESTADUAL
254420,TECNICO DE TRIBUTOS MUNICIPAL
311515,TECNICO DE UTILIDADE (PRODUCAO E DISTRIBUICAO DE VAPOR)
354135,TECNICO DE VENDAS
319205,TECNICO DO MOBILIARIO
313130,TECNICO ELETRICISTA
313215,TECNICO ELETRONICO
351305,TECNICO EM ADMINISTRACAO
351310,TECNICO EM ADMINISTRACAO DE COMERCIO EXTERIOR
312305,TECNICO EM AGRIMENSURA
354140,TECNICO EM ATENDIMENTO E VENDAS
314305,TECNICO EM AUTOMOBILISTICA
371110,TECNICO EM BIBLIOTECONOMIA
325305,TECNICO EM BIOTECNOLOGIA
320105,TECNICO EM BIOTERISMO
311405,TECNICO EM BORRACHA
319105,TECNICO EM CALCADOS E ARTEFATOS DE COURO
314610,TECNICO EM CALDEIRARIA
313405,TECNICO EM CALIBRACAO
321310,TECNICO EM CARCINICULTURA
319110,TECNICO EM CONFECCOES DO VESTUARIO
311115,TECNICO EM CURTIMENTO
352420,TECNICO EM DIREITOS AUTORAIS
300305,TECNICO EM ELETROMECANICA
314615,TECNICO EM ESTRUTURAS METALICAS
313505,TECNICO EM FOTONICA
312310,TECNICO EM GEODESIA E CARTOGRAFIA
316105,TECNICO EM GEOFISICA
316110,TECNICO EM GEOLOGIA
316115,TECNICO EM GEOQUIMICA
316120,TECNICO EM GEOTECNIA
374105,TECNICO EM GRAVACAO DE AUDIO
312315,TECNICO EM HIDROGRAFIA
322405,TECNICO EM HIGIENE DENTAL
320110,TECNICO EM HISTOLOGIA
325310,TECNICO EM IMUNOBIOLOGICOS
374110,TECNICO EM INSTALACAO DE EQUIPAMENTOS DE AUDIO
313410,TECNICO EM INSTRUMENTACAO
325110,TECNICO EM LABORATORIO DE FARMACIA
321205,TECNICO EM MADEIRA
915115,TECNICO EM MANUTENCAO DE BALANCAS
313220,TECNICO EM MANUTENCAO DE EQUIPAMENTOS DE INFORMATICA
915305,TECNICO EM MANUTENCAO DE EQUIPAMENTOS E INSTRUMENTOS MEDICO
915110,TECNICO EM MANUTENCAO DE HIDROMETROS
915105,TECNICO EM MANUTENCAO DE INSTRUMENTOS DE MEDICAO E PRECISAO
314410,TECNICO EM MANUTENCAO DE MAQUINAS
374115,TECNICO EM MASTERIZACAO DE AUDIO
311305,"TECNICO EM MATERIAIS, PRODUTOS CERAMICOS E VIDROS"
314105,TECNICO EM MECANICA DE PRECISAO
300105,TECNICO EM MECATRONICA - AUTOMACAO DA MANUFATURA
300110,TECNICO EM MECATRONICA - ROBOTICA
324105,TECNICO EM METODOS ELETROGRAFICOS EM ENCEFALOGRAFIA
324110,TECNICO EM METODOS GRAFICOS EM CARDIOLOGIA
321315,TECNICO EM MITILICULTURA
374130,TECNICO EM MIXAGEM DE AUDIO
371210,TECNICO EM MUSEOLOGIA
373210,TECNICO EM OPERACAO DE EQUIPAMENTO DE EXIBICAO DE TELEVISAO
373215,TECNICO EM OPERACAO DE EQUIPAMENTOS DE TRANSMISSAO
373205,TECNICO EM OPERACAO DE EQUIPAMENTOS PARA TELEVISAO 
322305,TECNICO EM OPTICA
322310,TECNICO EM OPTOMETRIA
324205,TECNICO EM PATOLOGIA CLINICA
323105,TECNICO EM PECUARIA
316320,TECNICO EM PESQUISA MINERAL
311205,TECNICO EM PETROQUIMICA
321305,TECNICO EM PISCICULTURA
316330,TECNICO EM PLANEJAMENTO DE LAVRA DE MINAS
311410,TECNICO EM PLASTICO
316315,TECNICO EM PROCESSAMENTO MINERAL (EXCETO PETROLEO)
371305,TECNICO EM PROGRAMACAO VISUAL
324115,TECNICO EM RADIOLOGIA E IMAGENOLOGIA
321320,TECNICO EM RANICULTURA
351505,TECNICO EM SECRETARIADO
351605,TECNICO EM SEGURANCA NO TRABALHO
314620,TECNICO EM SOLDAGEM
374125,TECNICO EM SONORIZACAO
311520,TECNICO EM TRATAMENTO DE EFLUENTES
354805,TECNICO EM TURISMO
321210,TECNICO FLORESTAL
371310,TECNICO GRAFICO
314110,TECNICO MECANICO
314310,TECNICO MECANICO (AERONAVES)
314115,"TECNICO MECANICO (CALEFACAO, VENTILACAO E REFRIGERACAO)"
314315,TECNICO MECANICO (EMBARCACOES)
314120,TECNICO MECANICO (MAQUINAS)
314125,TECNICO MECANICO (MOTORES)
314205,TECNICO MECANICO NA FABRICACAO DE FERRAMENTAS
314210,TECNICO MECANICO NA MANUTENCAO DE FERRAMENTAS
391230,TECNICO OPERACIONAL DE SERVICOS DE CORREIOS
311105,TECNICO QUIMICO
301115,TECNICO QUIMICO DE PETROLEO
311605,TECNICO TEXTIL
311610,TECNICO TEXTIL (TRATAMENTOS QUIMICOS)
311615,TECNICO TEXTIL DE FIACAO
311620,TECNICO TEXTIL DE MALHARIA
311625,TECNICO TEXTIL DE TECELAGEM
214360,TECNOLOGO EM ELETRICIDADE
214365,TECNOLOGO EM ELETRONICA
422205,TELEFONISTA
422210,TELEOPERADOR
716205,TELHADOR (TELHAS DE ARGILA E MATERIAS SIMILARES)
716210,TELHADOR (TELHAS DE CIMENTO-AMIANTO)
716215,TELHADOR (TELHAS METALICAS)
716220,TELHADOR (TELHAS PLATICAS)
723125,TEMPERADOR DE METAIS E DE COMPOSITOS
823255,TEMPERADOR DE VIDRO
030305,TENENTE DO CORPO DE BOMBEIROS MILITAR
030115,TENENTE-CORONEL BOMBEIRO MILITAR
020110,TENENTE-CORONEL DA POLICIA MILITAR
263115,TEOLOGO
223620,TERAPEUTA OCUPACIONAL
353230,TESOUREIRO DE BANCO
311725,TINGIDOR DE COUROS E PELES
516330,TINGIDOR DE ROUPAS
768605,TIPOGRAFO
376250,TITERITEIRO
312320,TOPOGRAFO
712225,TORNEIRO (LAVRA DE PEDRA)
773355,TORNEIRO NA USINAGEM CONVENCIONAL DE MADEIRA
841625,TORRADOR DE CACAU
841610,TORRADOR DE CAFE
711330,TORRISTA (PETROLEO)
519320,TOSADOR DE ANIMAIS DOMESTICOS
621005,TRABALHADOR AGROPECUARIO EM GERAL
623305,TRABALHADOR DA AVICULTURA DE CORTE
623310,TRABALHADOR DA AVICULTURA DE POSTURA
623205,TRABALHADOR DA CAPRINOCULTURA
622205,TRABALHADOR DA CULTURA DE ALGODAO
622105,TRABALHADOR DA CULTURA DE ARROZ
622605,TRABALHADOR DA CULTURA DE CACAU
622610,TRABALHADOR DA CULTURA DE CAFE
622110,TRABALHADOR DA CULTURA DE CANA-DE-ACUCAR
622615,TRABALHADOR DA CULTURA DE ERVA-MATE
622805,TRABALHADOR DA CULTURA DE ESPECIARIAS
622620,TRABALHADOR DA CULTURA DE FUMO
622625,TRABALHADOR DA CULTURA DE GUARANA
622115,TRABALHADOR DA CULTURA DE MILHO E SORGO
622810,TRABALHADOR DA CULTURA DE PLANTAS AROMATICAS E MEDICINAIS
622210,TRABALHADOR DA CULTURA DE SISAL
622120,"TRABALHADOR DA CULTURA DE TRIGO, AVEIA, CEVADA E TRITICALE"
622215,TRABALHADOR DA CULTURA DO RAMI
623320,TRABALHADOR DA CUNICULTURA
823320,TRABALHADOR DA ELABORACAO DE PRE-FABRICADOS
823325,TRABALHADOR DA ELABORACAO DE PRE-FABRICADOS
632405,TRABALHADOR DA EXPLORACAO DE ACAI
632305,TRABALHADOR DA EXPLORACAO DE ANDIROBA
632505,TRABALHADOR DA EXPLORACAO DE ARVORES E ARBUSTOS 
632310,TRABALHADOR DA EXPLORACAO DE BABACU
632315,TRABALHADOR DA EXPLORACAO DE BACABA
632320,TRABALHADOR DA EXPLORACAO DE BURITI
632325,TRABALHADOR DA EXPLORACAO DE CARNAUBA
632410,TRABALHADOR DA EXPLORACAO DE CASTANHA
632510,TRABALHADOR DA EXPLORACAO DE CIPOS 
632330,TRABALHADOR DA EXPLORACAO DE COCO-DA-PRAIA
632335,TRABALHADOR DA EXPLORACAO DE COPAIBA
632210,TRABALHADOR DA EXPLORACAO DE ESPECIES PRODUTORAS DE GOMAS
632515,TRABALHADOR DA EXPLORACAO DE MADEIRAS TANANTES
632340,TRABALHADOR DA EXPLORACAO DE MALVA (PAINA)
632345,TRABALHADOR DA EXPLORACAO DE MURUMURU
632350,TRABALHADOR DA EXPLORACAO DE OITICICA
632355,TRABALHADOR DA EXPLORACAO DE OURICURI
632360,TRABALHADOR DA EXPLORACAO DE PEQUI
632365,TRABALHADOR DA EXPLORACAO DE PIACAVA
632415,TRABALHADOR DA EXPLORACAO DE PINHAO
632420,TRABALHADOR DA EXPLORACAO DE PUPUNHA
632520,TRABALHADOR DA EXPLORACAO DE RAIZES 
632215,TRABALHADOR DA EXPLORACAO DE RESINAS
632370,TRABALHADOR DA EXPLORACAO DE TUCUM
632525,TRABALHADOR DA EXTRACAO DE SUBSTANCIAS AROMATICAS
812110,TRABALHADOR DA FABRICACAO DE MUNICAO E EXPLOSIVOS
823330,TRABALHADOR DA FABRICACAO DE PEDRAS ARTIFICIAIS
811125,TRABALHADOR DA FABRICACAO DE RESINAS E VERNIZES
991405,TRABALHADOR DA MANUTENCAO DE EDIFICACOES
623210,TRABALHADOR DA OVINOCULTURA
623105,TRABALHADOR DA PECUARIA (ASININOS E MUARES)
623110,TRABALHADOR DA PECUARIA (BOVINOS CORTE)
623115,TRABALHADOR DA PECUARIA (BOVINOS LEITE)
623120,TRABALHADOR DA PECUARIA (BUBALINOS)
623125,TRABALHADOR DA PECUARIA (EQUINOS)
623215,TRABALHADOR DA SUINOCULTURA
632125,"TRABALHADOR DE EXTRACAO FLORESTAL, EM GERAL"
841476,TRABALHADOR DE FABRICACAO DE MARGARINA
848325,TRABALHADOR DE FABRICACAO DE SORVETE
811130,TRABALHADOR DE FABRICACAO DE TINTAS
841720,TRABALHADOR DE FABRICACAO DE VINHOS
623015,TRABALHADOR DE PECUARIA POLIVALENTE
841484,TRABALHADOR DE PREPARACAO DE PESCADOS (LIMPEZA)
514225,TRABALHADOR DE SERVICOS DE MANUTENCAO DE EDIFICIOS
841505,TRABALHADOR DE TRATAMENTO DO LEITE 
765405,TRABALHADOR DO ACABAMENTO DE ARTEFATOS DE TECIDOS E COUROS
848605,TRABALHADOR DO BENEFICIAMENTO DE FUMO
623405,TRABALHADOR EM CRIATORIOS DE ANIMAIS PRODUTORES DE VENENO
623410,TRABALHADOR NA APICULTURA
622705,TRABALHADOR NA CULTURA DE AMENDOIM
622710,TRABALHADOR NA CULTURA DE CANOLA
622715,TRABALHADOR NA CULTURA DE COCO-DA-BAIA
622720,TRABALHADOR NA CULTURA DE DENDE
622725,TRABALHADOR NA CULTURA DE MAMONA
622730,TRABALHADOR NA CULTURA DE SOJA
622735,TRABALHADOR NA CULTURA DO GIRASSOL
622740,TRABALHADOR NA CULTURA DO LINHO
823265,TRABALHADOR NA FABRICACAO DE PRODUTOS ABRASIVOS
623415,TRABALHADOR NA MINHOCULTURA
622305,TRABALHADOR NA OLERICULTURA (FRUTOS E SEMENTES)
622310,TRABALHADOR NA OLERICULTURA (LEGUMES)
622315,"TRABALHADOR NA OLERICULTURA (RAIZES, BULBOS E TUBERCULOS)"
622320,"TRABALHADOR NA OLERICULTURA (TALOS, FOLHAS E FLORES)"
643010,TRABALHADOR NA OPERACAO DE SISTEMA DE IRRIGACAO 
643005,TRABALHADOR NA OPERACAO DE SISTEMA DE IRRIGACAO LOCALIZADA 
643015,TRABALHADOR NA OPERACAO DE SISTEMAS  DE IRRIGACAO POR ASPERSAO
643025,TRABALHADOR NA OPERACAO DE SISTEMAS DE IRRIGACAO 
643020,TRABALHADOR NA OPERACAO DE SISTEMAS DE IRRIGACAO E ASPERSAO
622015,TRABALHADOR NA PRODUCAO DE MUDAS E SEMENTES
623420,TRABALHADOR NA SERICICULTURA
622505,TRABALHADOR NO CULTIVO DE ARVORES FRUTIFERAS
622510,TRABALHADOR NO CULTIVO DE ESPECIES FRUTIFERAS RASTEIRAS
622405,TRABALHADOR NO CULTIVO DE FLORES E FOLHAGENS DE CORTE
622410,TRABALHADOR NO CULTIVO DE FLORES EM VASO
622415,TRABALHADOR NO CULTIVO DE FORRACOES
622420,TRABALHADOR NO CULTIVO DE MUDAS
622425,TRABALHADOR NO CULTIVO DE PLANTAS ORNAMENTAIS
622515,TRABALHADOR NO CULTIVO DE TREPADEIRAS FRUTIFERAS
764005,TRABALHADOR POLIVALENTE DA CONFECCAO DE CALCADOS
762005,TRABALHADOR POLIVALENTE DO CURTIMENTO DE COUROS E PELES
622020,TRABALHADOR VOLANTE DA AGRICULTURA
712230,TRACADOR DE PEDRAS
261420,TRADUTOR
724610,TRANCADOR DE CABOS DE ACO
752120,TRANSFORMADOR DE TUBOS DE VIDRO
376255,TRAPEZISTA
623020,TRATADOR DE ANIMAIS
641015,TRATORISTA AGRICOLA
751130,TREFILADOR (JOALHERIA E OURIVESARIA)
811775,TREFILADOR DE BORRACHA
722415,"TREFILADOR DE METAIS, A MAQUINA"
224135,TREINADOR PROFISSIONAL DE FUTEBOL
768115,"TRICOTEIRO, A MAO"
782810,TROPEIRO
762345,VAQUEADOR DE COUROS E PELES
776430,VASSOUREIRO
524305,VENDEDOR AMBULANTE
521110,VENDEDOR DE COMERCIO VAREJISTA
521105,VENDEDOR EM COMERCIO ATACADISTA
524105,VENDEDOR EM DOMICILIO
524215,VENDEDOR PERMISSIONARIO
354145,VENDEDOR PRACISTA
111120,VEREADOR
717025,VIBRADORISTA
111240,VICE-GOVERNADOR DE ESTADO
111245,VICE-GOVERNADOR DO DISTRITO FEDERAL
111255,VICE-PREFEITO
111210,VICE-PRESIDENTE DA REPUBLICA
716305,VIDRACEIRO
716310,VIDRACEIRO (EDIFICACOES)
716315,VIDRACEIRO (VITRAIS)
517420,VIGIA
517320,VIGIA FLORESTAL
517325,VIGIA PORTUARIO
517330,VIGILANTE
841740,VINAGREIRO
515120,VISITADOR SANITARIO
215150,VISTORIADOR NAVAL
375115,VISUAL MERCHANDISER
632015,VIVEIRISTA FLORESTAL
841745,XAROPEIRO
514120,ZELADOR DE EDIFICIO
223310,ZOOTECNISTA
